graph_name,num_nodes,num_edges,block_percent,strategy,iteration,path,is_safe,info_gain,cumulative_info_gain
5v_6e,5,6,0,entropy,1,0 -> 3 -> 2 -> 4,True,2.079450,2.079450
5v_6e,5,6,0,likelihood,1,0 -> 3 -> 4,True,1.386220,1.386220
5v_6e,5,6,0,random,1,0 -> 2 -> 4,True,1.386280,1.386280
5v_6e,5,6,25,entropy,1,0 -> 3 -> 2 -> 4,True,2.079530,2.079530
5v_6e,5,6,25,likelihood,1,0 -> 3 -> 4,True,1.386280,1.386280
5v_6e,5,6,25,random,1,0 -> 2 -> 4,True,1.386180,1.386180
5v_6e,5,6,50,entropy,1,0 -> 3 -> 2 -> 4,False,0.030685,0.030685
5v_6e,5,6,50,entropy,2,0 -> 3 -> 2 -> 4,False,0.030746,0.061432
5v_6e,5,6,50,entropy,3,0 -> 3 -> 2 -> 4,False,0.030731,0.092163
5v_6e,5,6,50,entropy,4,0 -> 3 -> 2 -> 4,False,0.030640,0.122803
5v_6e,5,6,50,entropy,5,0 -> 3 -> 2 -> 4,False,0.030808,0.153610
5v_6e,5,6,50,entropy,6,0 -> 3 -> 2 -> 4,False,0.030731,0.184341
5v_6e,5,6,50,entropy,7,0 -> 3 -> 2 -> 4,False,0.030716,0.215057
5v_6e,5,6,50,entropy,8,0 -> 2 -> 3 -> 4,True,2.079450,2.294507
5v_6e,5,6,50,likelihood,1,0 -> 3 -> 4,False,0.113297,0.113297
5v_6e,5,6,50,likelihood,2,0 -> 2 -> 4,True,1.386290,1.499587
5v_6e,5,6,50,random,1,0 -> 3 -> 2 -> 4,False,0.030640,0.030640
5v_6e,5,6,50,random,2,0 -> 2 -> 4,True,1.386290,1.416930
5v_6e,5,6,75,entropy,1,0 -> 3 -> 2 -> 4,False,0.030640,0.030640
5v_6e,5,6,75,entropy,2,0 -> 3 -> 2 -> 4,False,0.030701,0.061340
5v_6e,5,6,75,entropy,3,0 -> 3 -> 2 -> 4,False,0.030594,0.091934
5v_6e,5,6,75,entropy,4,0 -> 3 -> 2 -> 4,False,0.030685,0.122620
5v_6e,5,6,75,entropy,5,0 -> 3 -> 2 -> 4,False,0.030746,0.153366
5v_6e,5,6,75,entropy,6,0 -> 3 -> 2 -> 4,False,0.030609,0.183975
5v_6e,5,6,75,entropy,7,0 -> 3 -> 2 -> 4,False,0.030701,0.214676
5v_6e,5,6,75,entropy,8,0 -> 2 -> 3 -> 4,True,2.079480,2.294156
5v_6e,5,6,75,likelihood,1,0 -> 3 -> 4,False,0.113205,0.113205
5v_6e,5,6,75,likelihood,2,0 -> 2 -> 4,False,0.113266,0.226471
5v_6e,5,6,75,likelihood,3,0 -> 3 -> 4,False,0.113327,0.339798
5v_6e,5,6,75,likelihood,4,0 -> 2 -> 4,False,0.113266,0.453064
5v_6e,5,6,75,likelihood,5,0 -> 3 -> 4,False,0.113190,0.566254
5v_6e,5,6,75,likelihood,6,0 -> 2 -> 4,False,0.113266,0.679520
5v_6e,5,6,75,likelihood,7,0 -> 3 -> 4,False,0.113251,0.792771
5v_6e,5,6,75,likelihood,8,0 -> 2 -> 4,False,0.113281,0.906052
5v_6e,5,6,75,likelihood,9,0 -> 3 -> 4,False,0.113220,1.019272
5v_6e,5,6,75,likelihood,10,0 -> 2 -> 4,False,0.113174,1.132446
5v_6e,5,6,75,likelihood,11,0 -> 3 -> 4,False,0.113281,1.245727
5v_6e,5,6,75,likelihood,12,0 -> 2 -> 4,False,0.113159,1.358886
5v_6e,5,6,75,likelihood,13,0 -> 3 -> 4,False,0.113327,1.472213
5v_6e,5,6,75,likelihood,14,0 -> 2 -> 4,False,0.113281,1.585494
5v_6e,5,6,75,likelihood,15,0 -> 3 -> 4,False,0.113358,1.698852
5v_6e,5,6,75,likelihood,16,0 -> 2 -> 4,False,0.113190,1.812042
5v_6e,5,6,75,likelihood,17,0 -> 3 -> 4,False,0.113266,1.925308
5v_6e,5,6,75,likelihood,18,0 -> 2 -> 4,False,0.113281,2.038589
5v_6e,5,6,75,likelihood,19,0 -> 3 -> 4,False,0.113220,2.151809
5v_6e,5,6,75,likelihood,20,0 -> 2 -> 4,False,0.113312,2.265121
5v_6e,5,6,75,random,1,0 -> 3 -> 2 -> 4,False,0.030716,0.030716
5v_6e,5,6,75,random,2,0 -> 2 -> 4,False,0.113373,0.144089
5v_6e,5,6,75,random,3,0 -> 2 -> 3 -> 4,True,2.079440,2.223529
5v_6e,5,6,100,entropy,1,0 -> 3 -> 2 -> 4,False,0.030746,0.030746
5v_6e,5,6,100,entropy,2,0 -> 3 -> 2 -> 4,False,0.030685,0.061432
5v_6e,5,6,100,entropy,3,0 -> 3 -> 2 -> 4,False,0.030777,0.092209
5v_6e,5,6,100,entropy,4,0 -> 3 -> 2 -> 4,False,0.030701,0.122910
5v_6e,5,6,100,entropy,5,0 -> 3 -> 2 -> 4,False,0.030808,0.153717
5v_6e,5,6,100,entropy,6,0 -> 3 -> 2 -> 4,False,0.030823,0.184540
5v_6e,5,6,100,entropy,7,0 -> 3 -> 2 -> 4,False,0.030701,0.215241
5v_6e,5,6,100,entropy,8,0 -> 2 -> 3 -> 4,True,2.079510,2.294751
5v_6e,5,6,100,likelihood,1,0 -> 3 -> 4,False,0.113220,0.113220
5v_6e,5,6,100,likelihood,2,0 -> 2 -> 4,False,0.113220,0.226440
5v_6e,5,6,100,likelihood,3,0 -> 3 -> 4,False,0.113327,0.339767
5v_6e,5,6,100,likelihood,4,0 -> 2 -> 4,False,0.113281,0.453048
5v_6e,5,6,100,likelihood,5,0 -> 3 -> 4,False,0.113297,0.566345
5v_6e,5,6,100,likelihood,6,0 -> 2 -> 4,False,0.113251,0.679596
5v_6e,5,6,100,likelihood,7,0 -> 3 -> 4,False,0.113342,0.792938
5v_6e,5,6,100,likelihood,8,0 -> 2 -> 4,False,0.113281,0.906219
5v_6e,5,6,100,likelihood,9,0 -> 3 -> 4,False,0.113251,1.019470
5v_6e,5,6,100,likelihood,10,0 -> 2 -> 4,False,0.113373,1.132843
5v_6e,5,6,100,likelihood,11,0 -> 3 -> 4,False,0.113235,1.246078
5v_6e,5,6,100,likelihood,12,0 -> 2 -> 4,False,0.113235,1.359313
5v_6e,5,6,100,likelihood,13,0 -> 3 -> 4,False,0.113174,1.472487
5v_6e,5,6,100,likelihood,14,0 -> 2 -> 4,False,0.113220,1.585707
5v_6e,5,6,100,likelihood,15,0 -> 3 -> 4,False,0.113220,1.698927
5v_6e,5,6,100,likelihood,16,0 -> 2 -> 4,False,0.113129,1.812056
5v_6e,5,6,100,likelihood,17,0 -> 3 -> 4,False,0.113235,1.925291
5v_6e,5,6,100,likelihood,18,0 -> 2 -> 4,False,0.113251,2.038542
5v_6e,5,6,100,likelihood,19,0 -> 3 -> 4,False,0.113297,2.151839
5v_6e,5,6,100,likelihood,20,0 -> 2 -> 4,False,0.113220,2.265059
5v_6e,5,6,100,random,1,0 -> 2 -> 4,False,0.113327,0.113327
5v_6e,5,6,100,random,2,0 -> 2 -> 3 -> 4,True,2.079500,2.192827
6v_7e,6,7,0,entropy,1,0 -> 2 -> 3 -> 1 -> 4 -> 5,True,3.465650,3.465650
6v_7e,6,7,0,likelihood,1,0 -> 2 -> 3 -> 1 -> 5,True,2.772690,2.772690
6v_7e,6,7,0,random,1,0 -> 2 -> 3 -> 1 -> 4 -> 5,True,3.465640,3.465640
6v_7e,6,7,25,entropy,1,0 -> 2 -> 3 -> 1 -> 4 -> 5,True,3.465710,3.465710
6v_7e,6,7,25,likelihood,1,0 -> 2 -> 3 -> 1 -> 5,True,2.772610,2.772610
6v_7e,6,7,25,random,1,0 -> 2 -> 3 -> 1 -> 4 -> 5,True,3.465710,3.465710
6v_7e,6,7,50,entropy,1,0 -> 2 -> 3 -> 1 -> 4 -> 5,False,0.002487,0.002487
6v_7e,6,7,50,entropy,2,0 -> 2 -> 3 -> 1 -> 4 -> 5,False,0.002548,0.005035
6v_7e,6,7,50,entropy,3,0 -> 2 -> 3 -> 1 -> 4 -> 5,False,0.002533,0.007568
6v_7e,6,7,50,entropy,4,0 -> 2 -> 3 -> 1 -> 4 -> 5,False,0.002670,0.010239
6v_7e,6,7,50,entropy,5,0 -> 2 -> 3 -> 1 -> 4 -> 5,False,0.002594,0.012833
6v_7e,6,7,50,entropy,6,0 -> 2 -> 3 -> 1 -> 4 -> 5,False,0.002487,0.015320
6v_7e,6,7,50,entropy,7,0 -> 2 -> 3 -> 1 -> 4 -> 5,False,0.002808,0.018127
6v_7e,6,7,50,entropy,8,0 -> 2 -> 3 -> 1 -> 4 -> 5,False,0.002701,0.020828
6v_7e,6,7,50,entropy,9,0 -> 2 -> 3 -> 1 -> 4 -> 5,False,0.002716,0.023544
6v_7e,6,7,50,entropy,10,0 -> 2 -> 3 -> 1 -> 4 -> 5,False,0.002625,0.026169
6v_7e,6,7,50,entropy,11,0 -> 2 -> 3 -> 1 -> 4 -> 5,False,0.002731,0.028900
6v_7e,6,7,50,entropy,12,0 -> 2 -> 3 -> 1 -> 4 -> 5,False,0.002518,0.031418
6v_7e,6,7,50,entropy,13,0 -> 2 -> 3 -> 1 -> 4 -> 5,False,0.002747,0.034164
6v_7e,6,7,50,entropy,14,0 -> 2 -> 3 -> 1 -> 4 -> 5,False,0.002731,0.036896
6v_7e,6,7,50,entropy,15,0 -> 2 -> 3 -> 1 -> 4 -> 5,False,0.002594,0.039490
6v_7e,6,7,50,entropy,16,0 -> 2 -> 3 -> 1 -> 4 -> 5,False,0.002625,0.042114
6v_7e,6,7,50,entropy,17,0 -> 2 -> 3 -> 1 -> 4 -> 5,False,0.002518,0.044632
6v_7e,6,7,50,entropy,18,0 -> 2 -> 3 -> 1 -> 4 -> 5,False,0.002655,0.047287
6v_7e,6,7,50,entropy,19,0 -> 2 -> 3 -> 1 -> 4 -> 5,False,0.002640,0.049927
6v_7e,6,7,50,entropy,20,0 -> 2 -> 3 -> 1 -> 4 -> 5,False,0.002579,0.052505
6v_7e,6,7,50,likelihood,1,0 -> 2 -> 3 -> 1 -> 5,False,0.008850,0.008850
6v_7e,6,7,50,likelihood,2,0 -> 2 -> 3 -> 4 -> 5,True,2.772740,2.781590
6v_7e,6,7,50,random,1,0 -> 2 -> 3 -> 4 -> 5,True,2.772640,2.772640
6v_7e,6,7,75,entropy,1,0 -> 2 -> 3 -> 1 -> 4 -> 5,False,0.002670,0.002670
6v_7e,6,7,75,entropy,2,0 -> 2 -> 3 -> 1 -> 4 -> 5,False,0.002579,0.005249
6v_7e,6,7,75,entropy,3,0 -> 2 -> 3 -> 1 -> 4 -> 5,False,0.002487,0.007736
6v_7e,6,7,75,entropy,4,0 -> 2 -> 3 -> 1 -> 4 -> 5,False,0.002579,0.010315
6v_7e,6,7,75,entropy,5,0 -> 2 -> 3 -> 1 -> 4 -> 5,False,0.002609,0.012924
6v_7e,6,7,75,entropy,6,0 -> 2 -> 3 -> 1 -> 4 -> 5,False,0.002579,0.015503
6v_7e,6,7,75,entropy,7,0 -> 2 -> 3 -> 1 -> 4 -> 5,False,0.002350,0.017853
6v_7e,6,7,75,entropy,8,0 -> 2 -> 3 -> 1 -> 4 -> 5,False,0.002686,0.020538
6v_7e,6,7,75,entropy,9,0 -> 2 -> 3 -> 1 -> 4 -> 5,False,0.002487,0.023026
6v_7e,6,7,75,entropy,10,0 -> 2 -> 3 -> 1 -> 4 -> 5,False,0.002670,0.025696
6v_7e,6,7,75,entropy,11,0 -> 2 -> 3 -> 1 -> 4 -> 5,False,0.002594,0.028290
6v_7e,6,7,75,entropy,12,0 -> 2 -> 3 -> 1 -> 4 -> 5,False,0.002670,0.030960
6v_7e,6,7,75,entropy,13,0 -> 2 -> 3 -> 1 -> 4 -> 5,False,0.002762,0.033722
6v_7e,6,7,75,entropy,14,0 -> 2 -> 3 -> 1 -> 4 -> 5,False,0.002609,0.036331
6v_7e,6,7,75,entropy,15,0 -> 2 -> 3 -> 1 -> 4 -> 5,False,0.002487,0.038818
6v_7e,6,7,75,entropy,16,0 -> 2 -> 3 -> 1 -> 4 -> 5,False,0.002548,0.041367
6v_7e,6,7,75,entropy,17,0 -> 2 -> 3 -> 1 -> 4 -> 5,False,0.002640,0.044006
6v_7e,6,7,75,entropy,18,0 -> 2 -> 3 -> 1 -> 4 -> 5,False,0.002472,0.046478
6v_7e,6,7,75,entropy,19,0 -> 2 -> 3 -> 1 -> 4 -> 5,False,0.002609,0.049088
6v_7e,6,7,75,entropy,20,0 -> 2 -> 3 -> 1 -> 4 -> 5,False,0.002655,0.051743
6v_7e,6,7,75,likelihood,1,0 -> 2 -> 3 -> 1 -> 5,False,0.008911,0.008911
6v_7e,6,7,75,likelihood,2,0 -> 2 -> 3 -> 4 -> 5,True,2.772630,2.781541
6v_7e,6,7,75,random,1,0 -> 2 -> 3 -> 1 -> 5,False,0.008987,0.008987
6v_7e,6,7,75,random,2,0 -> 2 -> 3 -> 1 -> 4 -> 5,False,0.002625,0.011612
6v_7e,6,7,75,random,3,0 -> 2 -> 3 -> 4 -> 1 -> 5,False,0.002563,0.014175
6v_7e,6,7,75,random,4,0 -> 2 -> 3 -> 1 -> 4 -> 5,False,0.002625,0.016800
6v_7e,6,7,75,random,5,0 -> 2 -> 3 -> 1 -> 5,False,0.008881,0.025681
6v_7e,6,7,75,random,6,0 -> 2 -> 3 -> 1 -> 5,False,0.008881,0.034561
6v_7e,6,7,75,random,7,0 -> 2 -> 3 -> 1 -> 5,False,0.008850,0.043411
6v_7e,6,7,75,random,8,0 -> 2 -> 3 -> 1 -> 4 -> 5,False,0.002533,0.045944
6v_7e,6,7,75,random,9,0 -> 2 -> 3 -> 1 -> 5,False,0.008850,0.054794
6v_7e,6,7,75,random,10,0 -> 2 -> 3 -> 4 -> 1 -> 5,False,0.002548,0.057343
6v_7e,6,7,75,random,11,0 -> 2 -> 3 -> 4 -> 1 -> 5,False,0.002625,0.059967
6v_7e,6,7,75,random,12,0 -> 2 -> 3 -> 4 -> 5,True,2.772610,2.832577
6v_7e,6,7,100,entropy,1,0 -> 2 -> 3 -> 1 -> 4 -> 5,False,0.002731,0.002731
6v_7e,6,7,100,entropy,2,0 -> 2 -> 3 -> 1 -> 4 -> 5,False,0.002640,0.005371
6v_7e,6,7,100,entropy,3,0 -> 2 -> 3 -> 1 -> 4 -> 5,False,0.002594,0.007965
6v_7e,6,7,100,entropy,4,0 -> 2 -> 3 -> 1 -> 4 -> 5,False,0.002579,0.010544
6v_7e,6,7,100,entropy,5,0 -> 2 -> 3 -> 1 -> 4 -> 5,False,0.002686,0.013229
6v_7e,6,7,100,entropy,6,0 -> 2 -> 3 -> 1 -> 4 -> 5,False,0.002548,0.015778
6v_7e,6,7,100,entropy,7,0 -> 2 -> 3 -> 1 -> 4 -> 5,False,0.002686,0.018463
6v_7e,6,7,100,entropy,8,0 -> 2 -> 3 -> 1 -> 4 -> 5,False,0.002548,0.021011
6v_7e,6,7,100,entropy,9,0 -> 2 -> 3 -> 1 -> 4 -> 5,False,0.002487,0.023499
6v_7e,6,7,100,entropy,10,0 -> 2 -> 3 -> 1 -> 4 -> 5,False,0.002747,0.026245
6v_7e,6,7,100,entropy,11,0 -> 2 -> 3 -> 1 -> 4 -> 5,False,0.002563,0.028809
6v_7e,6,7,100,entropy,12,0 -> 2 -> 3 -> 1 -> 4 -> 5,False,0.002548,0.031357
6v_7e,6,7,100,entropy,13,0 -> 2 -> 3 -> 1 -> 4 -> 5,False,0.002640,0.033997
6v_7e,6,7,100,entropy,14,0 -> 2 -> 3 -> 1 -> 4 -> 5,False,0.002701,0.036697
6v_7e,6,7,100,entropy,15,0 -> 2 -> 3 -> 1 -> 4 -> 5,False,0.002548,0.039246
6v_7e,6,7,100,entropy,16,0 -> 2 -> 3 -> 1 -> 4 -> 5,False,0.002533,0.041779
6v_7e,6,7,100,entropy,17,0 -> 2 -> 3 -> 1 -> 4 -> 5,False,0.002625,0.044403
6v_7e,6,7,100,entropy,18,0 -> 2 -> 3 -> 1 -> 4 -> 5,False,0.002579,0.046982
6v_7e,6,7,100,entropy,19,0 -> 2 -> 3 -> 1 -> 4 -> 5,False,0.002579,0.049561
6v_7e,6,7,100,entropy,20,0 -> 2 -> 3 -> 1 -> 4 -> 5,False,0.002701,0.052261
6v_7e,6,7,100,likelihood,1,0 -> 2 -> 3 -> 1 -> 5,False,0.008957,0.008957
6v_7e,6,7,100,likelihood,2,0 -> 2 -> 3 -> 4 -> 5,True,2.772570,2.781527
6v_7e,6,7,100,random,1,0 -> 2 -> 3 -> 1 -> 4 -> 5,False,0.002579,0.002579
6v_7e,6,7,100,random,2,0 -> 2 -> 3 -> 1 -> 4 -> 5,False,0.002625,0.005203
6v_7e,6,7,100,random,3,0 -> 2 -> 3 -> 4 -> 1 -> 5,False,0.002655,0.007858
6v_7e,6,7,100,random,4,0 -> 2 -> 3 -> 1 -> 4 -> 5,False,0.002716,0.010574
6v_7e,6,7,100,random,5,0 -> 2 -> 3 -> 1 -> 5,False,0.008896,0.019470
6v_7e,6,7,100,random,6,0 -> 2 -> 3 -> 1 -> 5,False,0.008850,0.028320
6v_7e,6,7,100,random,7,0 -> 2 -> 3 -> 1 -> 5,False,0.008942,0.037262
6v_7e,6,7,100,random,8,0 -> 2 -> 3 -> 1 -> 4 -> 5,False,0.002670,0.039932
6v_7e,6,7,100,random,9,0 -> 2 -> 3 -> 1 -> 5,False,0.008911,0.048843
6v_7e,6,7,100,random,10,0 -> 2 -> 3 -> 4 -> 1 -> 5,False,0.002609,0.051453
6v_7e,6,7,100,random,11,0 -> 2 -> 3 -> 4 -> 1 -> 5,False,0.002441,0.053894
6v_7e,6,7,100,random,12,0 -> 2 -> 3 -> 4 -> 5,True,2.772580,2.826474
7v_13e,7,13,0,entropy,1,0 -> 3 -> 1 -> 4 -> 5 -> 6,True,3.465770,3.465770
7v_13e,7,13,0,likelihood,1,0 -> 3 -> 1 -> 6,True,2.079380,2.079380
7v_13e,7,13,0,random,1,0 -> 2 -> 5 -> 6,True,2.079530,2.079530
7v_13e,7,13,25,entropy,1,0 -> 3 -> 1 -> 4 -> 5 -> 6,False,0.002762,0.002762
7v_13e,7,13,25,entropy,2,0 -> 3 -> 1 -> 4 -> 5 -> 6,False,0.002579,0.005341
7v_13e,7,13,25,entropy,3,0 -> 3 -> 1 -> 4 -> 5 -> 6,False,0.002396,0.007736
7v_13e,7,13,25,entropy,4,0 -> 3 -> 1 -> 4 -> 5 -> 6,False,0.002640,0.010376
7v_13e,7,13,25,entropy,5,0 -> 3 -> 1 -> 4 -> 5 -> 6,False,0.002747,0.013123
7v_13e,7,13,25,entropy,6,0 -> 3 -> 1 -> 4 -> 5 -> 6,False,0.002533,0.015656
7v_13e,7,13,25,entropy,7,0 -> 3 -> 1 -> 4 -> 5 -> 6,False,0.002579,0.018234
7v_13e,7,13,25,entropy,8,0 -> 3 -> 1 -> 4 -> 5 -> 6,False,0.002655,0.020889
7v_13e,7,13,25,entropy,9,0 -> 3 -> 1 -> 4 -> 5 -> 6,False,0.002640,0.023529
7v_13e,7,13,25,entropy,10,0 -> 3 -> 1 -> 4 -> 5 -> 6,False,0.002548,0.026077
7v_13e,7,13,25,entropy,11,0 -> 3 -> 1 -> 4 -> 5 -> 6,False,0.002548,0.028625
7v_13e,7,13,25,entropy,12,0 -> 3 -> 1 -> 4 -> 5 -> 6,False,0.002670,0.031296
7v_13e,7,13,25,entropy,13,0 -> 3 -> 1 -> 4 -> 5 -> 6,False,0.002655,0.033951
7v_13e,7,13,25,entropy,14,0 -> 3 -> 1 -> 4 -> 5 -> 6,False,0.002670,0.036621
7v_13e,7,13,25,entropy,15,0 -> 3 -> 1 -> 4 -> 5 -> 6,False,0.002518,0.039139
7v_13e,7,13,25,entropy,16,0 -> 3 -> 1 -> 4 -> 5 -> 6,False,0.002625,0.041763
7v_13e,7,13,25,entropy,17,0 -> 3 -> 1 -> 4 -> 5 -> 6,False,0.002609,0.044373
7v_13e,7,13,25,entropy,18,0 -> 3 -> 1 -> 4 -> 5 -> 6,False,0.002594,0.046967
7v_13e,7,13,25,entropy,19,0 -> 3 -> 1 -> 4 -> 5 -> 6,False,0.002762,0.049728
7v_13e,7,13,25,entropy,20,0 -> 3 -> 1 -> 4 -> 5 -> 6,False,0.002533,0.052261
7v_13e,7,13,25,likelihood,1,0 -> 3 -> 1 -> 6,False,0.030975,0.030975
7v_13e,7,13,25,likelihood,2,0 -> 2 -> 5 -> 6,True,2.079380,2.110355
7v_13e,7,13,25,random,1,0 -> 3 -> 5 -> 1 -> 6,False,0.008881,0.008881
7v_13e,7,13,25,random,2,0 -> 3 -> 1 -> 6,False,0.030716,0.039597
7v_13e,7,13,25,random,3,0 -> 2 -> 4 -> 5 -> 1 -> 6,False,0.002640,0.042236
7v_13e,7,13,25,random,4,0 -> 2 -> 5 -> 4 -> 1 -> 6,False,0.002670,0.044907
7v_13e,7,13,25,random,5,0 -> 3 -> 5 -> 2 -> 1 -> 6,False,0.002625,0.047531
7v_13e,7,13,25,random,6,0 -> 3 -> 1 -> 4 -> 5 -> 6,False,0.002747,0.050278
7v_13e,7,13,25,random,7,0 -> 3 -> 4 -> 2 -> 5 -> 6,True,3.465620,3.515898
7v_13e,7,13,50,entropy,1,0 -> 3 -> 1 -> 4 -> 5 -> 6,False,0.002640,0.002640
7v_13e,7,13,50,entropy,2,0 -> 3 -> 1 -> 4 -> 5 -> 6,False,0.002533,0.005173
7v_13e,7,13,50,entropy,3,0 -> 3 -> 1 -> 4 -> 5 -> 6,False,0.002716,0.007889
7v_13e,7,13,50,entropy,4,0 -> 3 -> 1 -> 4 -> 5 -> 6,False,0.002625,0.010513
7v_13e,7,13,50,entropy,5,0 -> 3 -> 1 -> 4 -> 5 -> 6,False,0.002594,0.013107
7v_13e,7,13,50,entropy,6,0 -> 3 -> 1 -> 4 -> 5 -> 6,False,0.002335,0.015442
7v_13e,7,13,50,entropy,7,0 -> 3 -> 1 -> 4 -> 5 -> 6,False,0.002518,0.017960
7v_13e,7,13,50,entropy,8,0 -> 3 -> 1 -> 4 -> 5 -> 6,False,0.002472,0.020432
7v_13e,7,13,50,entropy,9,0 -> 3 -> 1 -> 4 -> 5 -> 6,False,0.002518,0.022949
7v_13e,7,13,50,entropy,10,0 -> 3 -> 1 -> 4 -> 5 -> 6,False,0.002548,0.025497
7v_13e,7,13,50,entropy,11,0 -> 3 -> 1 -> 4 -> 5 -> 6,False,0.002670,0.028168
7v_13e,7,13,50,entropy,12,0 -> 3 -> 1 -> 4 -> 5 -> 6,False,0.002625,0.030792
7v_13e,7,13,50,entropy,13,0 -> 3 -> 1 -> 4 -> 5 -> 6,False,0.002686,0.033478
7v_13e,7,13,50,entropy,14,0 -> 3 -> 1 -> 4 -> 5 -> 6,False,0.002548,0.036026
7v_13e,7,13,50,entropy,15,0 -> 3 -> 1 -> 4 -> 5 -> 6,False,0.002594,0.038620
7v_13e,7,13,50,entropy,16,0 -> 3 -> 1 -> 4 -> 5 -> 6,False,0.002747,0.041367
7v_13e,7,13,50,entropy,17,0 -> 3 -> 1 -> 4 -> 5 -> 6,False,0.002777,0.044144
7v_13e,7,13,50,entropy,18,0 -> 3 -> 1 -> 4 -> 5 -> 6,False,0.002701,0.046844
7v_13e,7,13,50,entropy,19,0 -> 3 -> 1 -> 4 -> 5 -> 6,False,0.002609,0.049454
7v_13e,7,13,50,entropy,20,0 -> 3 -> 1 -> 4 -> 5 -> 6,False,0.002533,0.051987
7v_13e,7,13,50,likelihood,1,0 -> 3 -> 1 -> 6,False,0.030884,0.030884
7v_13e,7,13,50,likelihood,2,0 -> 2 -> 5 -> 6,False,0.030655,0.061539
7v_13e,7,13,50,likelihood,3,0 -> 3 -> 5 -> 6,True,2.079410,2.140949
7v_13e,7,13,50,random,1,0 -> 3 -> 4 -> 2 -> 1 -> 6,False,0.002609,0.002609
7v_13e,7,13,50,random,2,0 -> 2 -> 1 -> 4 -> 5 -> 6,False,0.002518,0.005127
7v_13e,7,13,50,random,3,0 -> 2 -> 5 -> 4 -> 1 -> 6,False,0.002670,0.007797
7v_13e,7,13,50,random,4,0 -> 3 -> 4 -> 1 -> 5 -> 6,False,0.002686,0.010483
7v_13e,7,13,50,random,5,0 -> 3 -> 5 -> 4 -> 1 -> 6,False,0.002594,0.013077
7v_13e,7,13,50,random,6,0 -> 2 -> 4 -> 1 -> 5 -> 6,False,0.002533,0.015610
7v_13e,7,13,50,random,7,0 -> 3 -> 4 -> 1 -> 6,False,0.008820,0.024429
7v_13e,7,13,50,random,8,0 -> 2 -> 1 -> 4 -> 5 -> 6,False,0.002579,0.027008
7v_13e,7,13,50,random,9,0 -> 3 -> 5 -> 2 -> 1 -> 6,False,0.002487,0.029495
7v_13e,7,13,50,random,10,0 -> 2 -> 1 -> 3 -> 5 -> 6,False,0.002594,0.032089
7v_13e,7,13,50,random,11,0 -> 2 -> 5 -> 6,False,0.030640,0.062729
7v_13e,7,13,50,random,12,0 -> 2 -> 1 -> 6,False,0.030609,0.093338
7v_13e,7,13,50,random,13,0 -> 2 -> 1 -> 6,False,0.030655,0.123993
7v_13e,7,13,50,random,14,0 -> 2 -> 4 -> 3 -> 5 -> 6,False,0.002609,0.126602
7v_13e,7,13,50,random,15,0 -> 3 -> 4 -> 5 -> 1 -> 6,False,0.002579,0.129181
7v_13e,7,13,50,random,16,0 -> 2 -> 4 -> 1 -> 5 -> 6,False,0.002609,0.131790
7v_13e,7,13,50,random,17,0 -> 2 -> 5 -> 1 -> 6,False,0.008911,0.140701
7v_13e,7,13,50,random,18,0 -> 3 -> 1 -> 4 -> 5 -> 6,False,0.002716,0.143417
7v_13e,7,13,50,random,19,0 -> 2 -> 4 -> 3 -> 5 -> 6,False,0.002686,0.146103
7v_13e,7,13,50,random,20,0 -> 2 -> 1 -> 3 -> 5 -> 6,False,0.002762,0.148865
7v_13e,7,13,75,entropy,1,0 -> 3 -> 1 -> 4 -> 5 -> 6,False,0.002533,0.002533
7v_13e,7,13,75,entropy,2,0 -> 3 -> 1 -> 4 -> 5 -> 6,False,0.002563,0.005096
7v_13e,7,13,75,entropy,3,0 -> 3 -> 1 -> 4 -> 5 -> 6,False,0.002838,0.007935
7v_13e,7,13,75,entropy,4,0 -> 3 -> 1 -> 4 -> 5 -> 6,False,0.002640,0.010574
7v_13e,7,13,75,entropy,5,0 -> 3 -> 1 -> 4 -> 5 -> 6,False,0.002579,0.013153
7v_13e,7,13,75,entropy,6,0 -> 3 -> 1 -> 4 -> 5 -> 6,False,0.002655,0.015808
7v_13e,7,13,75,entropy,7,0 -> 3 -> 1 -> 4 -> 5 -> 6,False,0.002640,0.018448
7v_13e,7,13,75,entropy,8,0 -> 3 -> 1 -> 4 -> 5 -> 6,False,0.002686,0.021133
7v_13e,7,13,75,entropy,9,0 -> 3 -> 1 -> 4 -> 5 -> 6,False,0.002609,0.023743
7v_13e,7,13,75,entropy,10,0 -> 3 -> 1 -> 4 -> 5 -> 6,False,0.002502,0.026245
7v_13e,7,13,75,entropy,11,0 -> 3 -> 1 -> 4 -> 5 -> 6,False,0.002472,0.028717
7v_13e,7,13,75,entropy,12,0 -> 3 -> 1 -> 4 -> 5 -> 6,False,0.002579,0.031296
7v_13e,7,13,75,entropy,13,0 -> 3 -> 1 -> 4 -> 5 -> 6,False,0.002747,0.034042
7v_13e,7,13,75,entropy,14,0 -> 3 -> 1 -> 4 -> 5 -> 6,False,0.002625,0.036667
7v_13e,7,13,75,entropy,15,0 -> 3 -> 1 -> 4 -> 5 -> 6,False,0.002609,0.039276
7v_13e,7,13,75,entropy,16,0 -> 3 -> 1 -> 4 -> 5 -> 6,False,0.002609,0.041885
7v_13e,7,13,75,entropy,17,0 -> 3 -> 1 -> 4 -> 5 -> 6,False,0.002594,0.044479
7v_13e,7,13,75,entropy,18,0 -> 3 -> 1 -> 4 -> 5 -> 6,False,0.002518,0.046997
7v_13e,7,13,75,entropy,19,0 -> 3 -> 1 -> 4 -> 5 -> 6,False,0.002609,0.049606
7v_13e,7,13,75,entropy,20,0 -> 3 -> 1 -> 4 -> 5 -> 6,False,0.002609,0.052216
7v_13e,7,13,75,likelihood,1,0 -> 3 -> 1 -> 6,False,0.030670,0.030670
7v_13e,7,13,75,likelihood,2,0 -> 2 -> 5 -> 6,False,0.030716,0.061386
7v_13e,7,13,75,likelihood,3,0 -> 3 -> 5 -> 6,True,2.079640,2.141026
7v_13e,7,13,75,random,1,0 -> 3 -> 5 -> 4 -> 1 -> 6,False,0.002579,0.002579
7v_13e,7,13,75,random,2,0 -> 2 -> 1 -> 4 -> 5 -> 6,False,0.002716,0.005295
7v_13e,7,13,75,random,3,0 -> 2 -> 5 -> 4 -> 1 -> 6,False,0.002762,0.008057
7v_13e,7,13,75,random,4,0 -> 3 -> 4 -> 1 -> 5 -> 6,False,0.002670,0.010727
7v_13e,7,13,75,random,5,0 -> 3 -> 5 -> 4 -> 1 -> 6,False,0.002594,0.013321
7v_13e,7,13,75,random,6,0 -> 2 -> 4 -> 1 -> 5 -> 6,False,0.002518,0.015839
7v_13e,7,13,75,random,7,0 -> 3 -> 4 -> 1 -> 6,False,0.008942,0.024780
7v_13e,7,13,75,random,8,0 -> 2 -> 1 -> 4 -> 5 -> 6,False,0.002609,0.027390
7v_13e,7,13,75,random,9,0 -> 3 -> 5 -> 2 -> 1 -> 6,False,0.002594,0.029984
7v_13e,7,13,75,random,10,0 -> 2 -> 1 -> 3 -> 5 -> 6,False,0.002563,0.032547
7v_13e,7,13,75,random,11,0 -> 2 -> 5 -> 6,False,0.030808,0.063354
7v_13e,7,13,75,random,12,0 -> 2 -> 1 -> 6,False,0.030701,0.094055
7v_13e,7,13,75,random,13,0 -> 2 -> 1 -> 6,False,0.030746,0.124802
7v_13e,7,13,75,random,14,0 -> 2 -> 4 -> 3 -> 5 -> 6,False,0.002670,0.127472
7v_13e,7,13,75,random,15,0 -> 3 -> 4 -> 5 -> 1 -> 6,False,0.002762,0.130234
7v_13e,7,13,75,random,16,0 -> 2 -> 4 -> 1 -> 5 -> 6,False,0.002670,0.132904
7v_13e,7,13,75,random,17,0 -> 2 -> 5 -> 1 -> 6,False,0.008774,0.141678
7v_13e,7,13,75,random,18,0 -> 3 -> 1 -> 4 -> 5 -> 6,False,0.002502,0.144180
7v_13e,7,13,75,random,19,0 -> 2 -> 4 -> 3 -> 5 -> 6,False,0.002670,0.146851
7v_13e,7,13,75,random,20,0 -> 2 -> 1 -> 3 -> 5 -> 6,False,0.002548,0.149399
7v_13e,7,13,100,entropy,1,0 -> 3 -> 1 -> 4 -> 5 -> 6,False,0.002472,0.002472
7v_13e,7,13,100,entropy,2,0 -> 3 -> 1 -> 4 -> 5 -> 6,False,0.002655,0.005127
7v_13e,7,13,100,entropy,3,0 -> 3 -> 1 -> 4 -> 5 -> 6,False,0.002548,0.007675
7v_13e,7,13,100,entropy,4,0 -> 3 -> 1 -> 4 -> 5 -> 6,False,0.002792,0.010468
7v_13e,7,13,100,entropy,5,0 -> 3 -> 1 -> 4 -> 5 -> 6,False,0.002518,0.012985
7v_13e,7,13,100,entropy,6,0 -> 3 -> 1 -> 4 -> 5 -> 6,False,0.002609,0.015594
7v_13e,7,13,100,entropy,7,0 -> 3 -> 1 -> 4 -> 5 -> 6,False,0.002670,0.018265
7v_13e,7,13,100,entropy,8,0 -> 3 -> 1 -> 4 -> 5 -> 6,False,0.002609,0.020874
7v_13e,7,13,100,entropy,9,0 -> 3 -> 1 -> 4 -> 5 -> 6,False,0.002808,0.023682
7v_13e,7,13,100,entropy,10,0 -> 3 -> 1 -> 4 -> 5 -> 6,False,0.002502,0.026184
7v_13e,7,13,100,entropy,11,0 -> 3 -> 1 -> 4 -> 5 -> 6,False,0.002670,0.028854
7v_13e,7,13,100,entropy,12,0 -> 3 -> 1 -> 4 -> 5 -> 6,False,0.002548,0.031403
7v_13e,7,13,100,entropy,13,0 -> 3 -> 1 -> 4 -> 5 -> 6,False,0.002716,0.034119
7v_13e,7,13,100,entropy,14,0 -> 3 -> 1 -> 4 -> 5 -> 6,False,0.002640,0.036758
7v_13e,7,13,100,entropy,15,0 -> 3 -> 1 -> 4 -> 5 -> 6,False,0.002548,0.039307
7v_13e,7,13,100,entropy,16,0 -> 3 -> 1 -> 4 -> 5 -> 6,False,0.002518,0.041824
7v_13e,7,13,100,entropy,17,0 -> 3 -> 1 -> 4 -> 5 -> 6,False,0.002640,0.044464
7v_13e,7,13,100,entropy,18,0 -> 3 -> 1 -> 4 -> 5 -> 6,False,0.002441,0.046906
7v_13e,7,13,100,entropy,19,0 -> 3 -> 1 -> 4 -> 5 -> 6,False,0.002594,0.049500
7v_13e,7,13,100,entropy,20,0 -> 3 -> 1 -> 4 -> 5 -> 6,False,0.002701,0.052200
7v_13e,7,13,100,likelihood,1,0 -> 3 -> 1 -> 6,False,0.030716,0.030716
7v_13e,7,13,100,likelihood,2,0 -> 2 -> 5 -> 6,False,0.030548,0.061264
7v_13e,7,13,100,likelihood,3,0 -> 3 -> 5 -> 6,True,2.079450,2.140714
7v_13e,7,13,100,random,1,0 -> 2 -> 5 -> 6,False,0.030731,0.030731
7v_13e,7,13,100,random,2,0 -> 3 -> 4 -> 1 -> 6,False,0.008957,0.039688
7v_13e,7,13,100,random,3,0 -> 3 -> 4 -> 5 -> 6,False,0.008850,0.048538
7v_13e,7,13,100,random,4,0 -> 3 -> 4 -> 2 -> 1 -> 6,False,0.002792,0.051331
7v_13e,7,13,100,random,5,0 -> 2 -> 5 -> 6,False,0.030579,0.081909
7v_13e,7,13,100,random,6,0 -> 2 -> 4 -> 3 -> 1 -> 6,False,0.002609,0.084518
7v_13e,7,13,100,random,7,0 -> 2 -> 4 -> 3 -> 5 -> 6,False,0.002609,0.087128
7v_13e,7,13,100,random,8,0 -> 3 -> 1 -> 2 -> 5 -> 6,False,0.002609,0.089737
7v_13e,7,13,100,random,9,0 -> 3 -> 4 -> 5 -> 6,False,0.008713,0.098450
7v_13e,7,13,100,random,10,0 -> 3 -> 4 -> 5 -> 1 -> 6,False,0.002548,0.100998
7v_13e,7,13,100,random,11,0 -> 2 -> 5 -> 3 -> 1 -> 6,False,0.002563,0.103561
7v_13e,7,13,100,random,12,0 -> 2 -> 1 -> 6,False,0.030685,0.134247
7v_13e,7,13,100,random,13,0 -> 2 -> 1 -> 5 -> 6,False,0.009079,0.143326
7v_13e,7,13,100,random,14,0 -> 2 -> 1 -> 6,False,0.030762,0.174087
7v_13e,7,13,100,random,15,0 -> 3 -> 4 -> 2 -> 1 -> 6,False,0.002609,0.176697
7v_13e,7,13,100,random,16,0 -> 2 -> 4 -> 3 -> 5 -> 6,False,0.002594,0.179291
7v_13e,7,13,100,random,17,0 -> 2 -> 5 -> 4 -> 1 -> 6,False,0.002792,0.182083
7v_13e,7,13,100,random,18,0 -> 2 -> 1 -> 4 -> 5 -> 6,False,0.002487,0.184570
7v_13e,7,13,100,random,19,0 -> 3 -> 4 -> 2 -> 5 -> 6,False,0.002548,0.187118
7v_13e,7,13,100,random,20,0 -> 3 -> 4 -> 2 -> 1 -> 6,False,0.002655,0.189773
8v_21e,8,21,0,entropy,1,0 -> 3 -> 1 -> 0 -> 2 -> 7,True,3.465760,3.465760
8v_21e,8,21,0,likelihood,1,0 -> 3 -> 7,True,1.386290,1.386290
8v_21e,8,21,0,random,1,0 -> 6 -> 3 -> 5 -> 1 -> 7,True,3.465770,3.465770
8v_21e,8,21,25,entropy,1,0 -> 3 -> 1 -> 0 -> 2 -> 7,False,0.002716,0.002716
8v_21e,8,21,25,entropy,2,0 -> 3 -> 1 -> 0 -> 2 -> 7,False,0.002518,0.005234
8v_21e,8,21,25,entropy,3,0 -> 3 -> 1 -> 0 -> 2 -> 7,False,0.002502,0.007736
8v_21e,8,21,25,entropy,4,0 -> 3 -> 1 -> 0 -> 2 -> 7,False,0.002579,0.010315
8v_21e,8,21,25,entropy,5,0 -> 3 -> 1 -> 0 -> 2 -> 7,False,0.002640,0.012955
8v_21e,8,21,25,entropy,6,0 -> 3 -> 1 -> 0 -> 2 -> 7,False,0.002625,0.015579
8v_21e,8,21,25,entropy,7,0 -> 3 -> 1 -> 0 -> 2 -> 7,False,0.002670,0.018250
8v_21e,8,21,25,entropy,8,0 -> 3 -> 1 -> 0 -> 2 -> 7,False,0.002457,0.020706
8v_21e,8,21,25,entropy,9,0 -> 3 -> 1 -> 0 -> 2 -> 7,False,0.002625,0.023331
8v_21e,8,21,25,entropy,10,0 -> 3 -> 1 -> 0 -> 2 -> 7,False,0.002670,0.026001
8v_21e,8,21,25,entropy,11,0 -> 3 -> 1 -> 0 -> 2 -> 7,False,0.002670,0.028671
8v_21e,8,21,25,entropy,12,0 -> 3 -> 1 -> 0 -> 2 -> 7,False,0.002594,0.031265
8v_21e,8,21,25,entropy,13,0 -> 3 -> 1 -> 0 -> 2 -> 7,False,0.002731,0.033997
8v_21e,8,21,25,entropy,14,0 -> 3 -> 1 -> 0 -> 2 -> 7,False,0.002792,0.036789
8v_21e,8,21,25,entropy,15,0 -> 3 -> 1 -> 0 -> 2 -> 7,False,0.002625,0.039413
8v_21e,8,21,25,entropy,16,0 -> 3 -> 1 -> 0 -> 2 -> 7,False,0.002579,0.041992
8v_21e,8,21,25,entropy,17,0 -> 3 -> 1 -> 0 -> 2 -> 7,False,0.002655,0.044647
8v_21e,8,21,25,entropy,18,0 -> 3 -> 1 -> 0 -> 2 -> 7,False,0.002533,0.047180
8v_21e,8,21,25,entropy,19,0 -> 3 -> 1 -> 0 -> 2 -> 7,False,0.002441,0.049622
8v_21e,8,21,25,entropy,20,0 -> 3 -> 1 -> 0 -> 2 -> 7,False,0.002686,0.052307
8v_21e,8,21,25,likelihood,1,0 -> 3 -> 7,False,0.113205,0.113205
8v_21e,8,21,25,likelihood,2,0 -> 1 -> 7,True,1.386280,1.499485
8v_21e,8,21,25,random,1,0 -> 5 -> 2 -> 7,True,2.079570,2.079570
8v_21e,8,21,50,entropy,1,0 -> 3 -> 1 -> 0 -> 2 -> 7,False,0.002319,0.002319
8v_21e,8,21,50,entropy,2,0 -> 3 -> 1 -> 0 -> 2 -> 7,False,0.002640,0.004959
8v_21e,8,21,50,entropy,3,0 -> 3 -> 1 -> 0 -> 2 -> 7,False,0.002579,0.007538
8v_21e,8,21,50,entropy,4,0 -> 3 -> 1 -> 0 -> 2 -> 7,False,0.002823,0.010361
8v_21e,8,21,50,entropy,5,0 -> 3 -> 1 -> 0 -> 2 -> 7,False,0.002670,0.013031
8v_21e,8,21,50,entropy,6,0 -> 3 -> 1 -> 0 -> 2 -> 7,False,0.002487,0.015518
8v_21e,8,21,50,entropy,7,0 -> 3 -> 1 -> 0 -> 2 -> 7,False,0.002625,0.018143
8v_21e,8,21,50,entropy,8,0 -> 3 -> 1 -> 0 -> 2 -> 7,False,0.002670,0.020813
8v_21e,8,21,50,entropy,9,0 -> 3 -> 1 -> 0 -> 2 -> 7,False,0.002563,0.023376
8v_21e,8,21,50,entropy,10,0 -> 3 -> 1 -> 0 -> 2 -> 7,False,0.002640,0.026016
8v_21e,8,21,50,entropy,11,0 -> 3 -> 1 -> 0 -> 2 -> 7,False,0.002563,0.028580
8v_21e,8,21,50,entropy,12,0 -> 3 -> 1 -> 0 -> 2 -> 7,False,0.002670,0.031250
8v_21e,8,21,50,entropy,13,0 -> 3 -> 1 -> 0 -> 2 -> 7,False,0.002594,0.033844
8v_21e,8,21,50,entropy,14,0 -> 3 -> 1 -> 0 -> 2 -> 7,False,0.002609,0.036453
8v_21e,8,21,50,entropy,15,0 -> 3 -> 1 -> 0 -> 2 -> 7,False,0.002762,0.039215
8v_21e,8,21,50,entropy,16,0 -> 3 -> 1 -> 0 -> 2 -> 7,False,0.002594,0.041809
8v_21e,8,21,50,entropy,17,0 -> 3 -> 1 -> 0 -> 2 -> 7,False,0.002441,0.044250
8v_21e,8,21,50,entropy,18,0 -> 3 -> 1 -> 0 -> 2 -> 7,False,0.002625,0.046875
8v_21e,8,21,50,entropy,19,0 -> 3 -> 1 -> 0 -> 2 -> 7,False,0.002625,0.049500
8v_21e,8,21,50,entropy,20,0 -> 3 -> 1 -> 0 -> 2 -> 7,False,0.002716,0.052216
8v_21e,8,21,50,likelihood,1,0 -> 3 -> 7,False,0.113388,0.113388
8v_21e,8,21,50,likelihood,2,0 -> 1 -> 7,True,1.386120,1.499508
8v_21e,8,21,50,random,1,0 -> 2 -> 6 -> 1 -> 7,False,0.008987,0.008987
8v_21e,8,21,50,random,2,0 -> 3 -> 5 -> 4 -> 7,False,0.008713,0.017700
8v_21e,8,21,50,random,3,0 -> 4 -> 3 -> 0 -> 2 -> 7,False,0.002655,0.020355
8v_21e,8,21,50,random,4,0 -> 5 -> 1 -> 3 -> 7,False,0.008835,0.029190
8v_21e,8,21,50,random,5,0 -> 3 -> 4 -> 0 -> 2 -> 7,False,0.002777,0.031967
8v_21e,8,21,50,random,6,0 -> 2 -> 3 -> 1 -> 2 -> 7,False,0.002640,0.034607
8v_21e,8,21,50,random,7,0 -> 4 -> 3 -> 1 -> 2 -> 7,False,0.002579,0.037186
8v_21e,8,21,50,random,8,0 -> 5 -> 3 -> 4 -> 7,False,0.008820,0.046005
8v_21e,8,21,50,random,9,0 -> 5 -> 4 -> 3 -> 1 -> 7,False,0.002594,0.048599
8v_21e,8,21,50,random,10,0 -> 6 -> 1 -> 5 -> 4 -> 7,False,0.002686,0.051285
8v_21e,8,21,50,random,11,0 -> 1 -> 2 -> 7,False,0.030701,0.081986
8v_21e,8,21,50,random,12,0 -> 6 -> 2 -> 5 -> 4 -> 7,False,0.002487,0.084473
8v_21e,8,21,50,random,13,0 -> 3 -> 2 -> 0 -> 4 -> 7,False,0.002548,0.087021
8v_21e,8,21,50,random,14,0 -> 2 -> 3 -> 6 -> 2 -> 7,False,0.002457,0.089478
8v_21e,8,21,50,random,15,0 -> 6 -> 2 -> 1 -> 7,False,0.008957,0.098434
8v_21e,8,21,50,random,16,0 -> 3 -> 5 -> 1 -> 7,False,0.008759,0.107193
8v_21e,8,21,50,random,17,0 -> 2 -> 1 -> 6 -> 2 -> 7,False,0.002731,0.109924
8v_21e,8,21,50,random,18,0 -> 4 -> 3 -> 0 -> 1 -> 7,False,0.002701,0.112625
8v_21e,8,21,50,random,19,0 -> 1 -> 5 -> 0 -> 4 -> 7,False,0.002472,0.115097
8v_21e,8,21,50,random,20,0 -> 5 -> 3 -> 4 -> 7,False,0.008972,0.124069
8v_21e,8,21,75,entropy,1,0 -> 3 -> 1 -> 0 -> 2 -> 7,False,0.002686,0.002686
8v_21e,8,21,75,entropy,2,0 -> 3 -> 1 -> 0 -> 2 -> 7,False,0.002655,0.005341
8v_21e,8,21,75,entropy,3,0 -> 3 -> 1 -> 0 -> 2 -> 7,False,0.002625,0.007965
8v_21e,8,21,75,entropy,4,0 -> 3 -> 1 -> 0 -> 2 -> 7,False,0.002594,0.010559
8v_21e,8,21,75,entropy,5,0 -> 3 -> 1 -> 0 -> 2 -> 7,False,0.002670,0.013229
8v_21e,8,21,75,entropy,6,0 -> 3 -> 1 -> 0 -> 2 -> 7,False,0.002502,0.015732
8v_21e,8,21,75,entropy,7,0 -> 3 -> 1 -> 0 -> 2 -> 7,False,0.002701,0.018433
8v_21e,8,21,75,entropy,8,0 -> 3 -> 1 -> 0 -> 2 -> 7,False,0.002548,0.020981
8v_21e,8,21,75,entropy,9,0 -> 3 -> 1 -> 0 -> 2 -> 7,False,0.002609,0.023590
8v_21e,8,21,75,entropy,10,0 -> 3 -> 1 -> 0 -> 2 -> 7,False,0.002625,0.026215
8v_21e,8,21,75,entropy,11,0 -> 3 -> 1 -> 0 -> 2 -> 7,False,0.002625,0.028839
8v_21e,8,21,75,entropy,12,0 -> 3 -> 1 -> 0 -> 2 -> 7,False,0.002625,0.031464
8v_21e,8,21,75,entropy,13,0 -> 3 -> 1 -> 0 -> 2 -> 7,False,0.002640,0.034103
8v_21e,8,21,75,entropy,14,0 -> 3 -> 1 -> 0 -> 2 -> 7,False,0.002487,0.036591
8v_21e,8,21,75,entropy,15,0 -> 3 -> 1 -> 0 -> 2 -> 7,False,0.002640,0.039230
8v_21e,8,21,75,entropy,16,0 -> 3 -> 1 -> 0 -> 2 -> 7,False,0.002716,0.041946
8v_21e,8,21,75,entropy,17,0 -> 3 -> 1 -> 0 -> 2 -> 7,False,0.002625,0.044571
8v_21e,8,21,75,entropy,18,0 -> 3 -> 1 -> 0 -> 2 -> 7,False,0.002502,0.047073
8v_21e,8,21,75,entropy,19,0 -> 3 -> 1 -> 0 -> 2 -> 7,False,0.002762,0.049835
8v_21e,8,21,75,entropy,20,0 -> 3 -> 1 -> 0 -> 2 -> 7,False,0.002563,0.052399
8v_21e,8,21,75,likelihood,1,0 -> 3 -> 7,False,0.113297,0.113297
8v_21e,8,21,75,likelihood,2,0 -> 1 -> 7,False,0.113266,0.226563
8v_21e,8,21,75,likelihood,3,0 -> 2 -> 7,True,1.386340,1.612903
8v_21e,8,21,75,random,1,0 -> 3 -> 2 -> 0 -> 1 -> 7,False,0.002563,0.002563
8v_21e,8,21,75,random,2,0 -> 2 -> 3 -> 1 -> 2 -> 7,False,0.002686,0.005249
8v_21e,8,21,75,random,3,0 -> 5 -> 3 -> 0 -> 4 -> 7,False,0.002640,0.007889
8v_21e,8,21,75,random,4,0 -> 3 -> 5 -> 2 -> 3 -> 7,False,0.002609,0.010498
8v_21e,8,21,75,random,5,0 -> 5 -> 3 -> 2 -> 7,False,0.008850,0.019348
8v_21e,8,21,75,random,6,0 -> 5 -> 4 -> 0 -> 2 -> 7,False,0.002640,0.021988
8v_21e,8,21,75,random,7,0 -> 5 -> 4 -> 0 -> 3 -> 7,False,0.002579,0.024567
8v_21e,8,21,75,random,8,0 -> 3 -> 5 -> 4 -> 3 -> 7,False,0.002625,0.027191
8v_21e,8,21,75,random,9,0 -> 6 -> 3 -> 5 -> 4 -> 7,False,0.002563,0.029755
8v_21e,8,21,75,random,10,0 -> 3 -> 1 -> 6 -> 3 -> 7,False,0.002655,0.032410
8v_21e,8,21,75,random,11,0 -> 5 -> 4 -> 3 -> 1 -> 7,False,0.002686,0.035095
8v_21e,8,21,75,random,12,0 -> 1 -> 2 -> 6 -> 3 -> 7,False,0.002533,0.037628
8v_21e,8,21,75,random,13,0 -> 3 -> 1 -> 5 -> 3 -> 7,False,0.002625,0.040253
8v_21e,8,21,75,random,14,0 -> 5 -> 2 -> 0 -> 3 -> 7,False,0.002670,0.042923
8v_21e,8,21,75,random,15,0 -> 5 -> 1 -> 2 -> 3 -> 7,False,0.002594,0.045517
8v_21e,8,21,75,random,16,0 -> 6 -> 2 -> 7,False,0.030853,0.076370
8v_21e,8,21,75,random,17,0 -> 1 -> 2 -> 3 -> 4 -> 7,False,0.002625,0.078995
8v_21e,8,21,75,random,18,0 -> 6 -> 1 -> 3 -> 2 -> 7,False,0.002716,0.081711
8v_21e,8,21,75,random,19,0 -> 5 -> 3 -> 7,False,0.030670,0.112381
8v_21e,8,21,75,random,20,0 -> 2 -> 6 -> 3 -> 4 -> 7,False,0.002579,0.114960
8v_21e,8,21,100,entropy,1,0 -> 3 -> 1 -> 0 -> 2 -> 7,False,0.002563,0.002563
8v_21e,8,21,100,entropy,2,0 -> 3 -> 1 -> 0 -> 2 -> 7,False,0.002670,0.005234
8v_21e,8,21,100,entropy,3,0 -> 3 -> 1 -> 0 -> 2 -> 7,False,0.002625,0.007858
8v_21e,8,21,100,entropy,4,0 -> 3 -> 1 -> 0 -> 2 -> 7,False,0.002670,0.010529
8v_21e,8,21,100,entropy,5,0 -> 3 -> 1 -> 0 -> 2 -> 7,False,0.002670,0.013199
8v_21e,8,21,100,entropy,6,0 -> 3 -> 1 -> 0 -> 2 -> 7,False,0.002518,0.015717
8v_21e,8,21,100,entropy,7,0 -> 3 -> 1 -> 0 -> 2 -> 7,False,0.002731,0.018448
8v_21e,8,21,100,entropy,8,0 -> 3 -> 1 -> 0 -> 2 -> 7,False,0.002625,0.021072
8v_21e,8,21,100,entropy,9,0 -> 3 -> 1 -> 0 -> 2 -> 7,False,0.002396,0.023468
8v_21e,8,21,100,entropy,10,0 -> 3 -> 1 -> 0 -> 2 -> 7,False,0.002563,0.026031
8v_21e,8,21,100,entropy,11,0 -> 3 -> 1 -> 0 -> 2 -> 7,False,0.002548,0.028580
8v_21e,8,21,100,entropy,12,0 -> 3 -> 1 -> 0 -> 2 -> 7,False,0.002655,0.031235
8v_21e,8,21,100,entropy,13,0 -> 3 -> 1 -> 0 -> 2 -> 7,False,0.002533,0.033768
8v_21e,8,21,100,entropy,14,0 -> 3 -> 1 -> 0 -> 2 -> 7,False,0.002441,0.036209
8v_21e,8,21,100,entropy,15,0 -> 3 -> 1 -> 0 -> 2 -> 7,False,0.002594,0.038803
8v_21e,8,21,100,entropy,16,0 -> 3 -> 1 -> 0 -> 2 -> 7,False,0.002655,0.041458
8v_21e,8,21,100,entropy,17,0 -> 3 -> 1 -> 0 -> 2 -> 7,False,0.002731,0.044189
8v_21e,8,21,100,entropy,18,0 -> 3 -> 1 -> 0 -> 2 -> 7,False,0.002548,0.046738
8v_21e,8,21,100,entropy,19,0 -> 3 -> 1 -> 0 -> 2 -> 7,False,0.002594,0.049332
8v_21e,8,21,100,entropy,20,0 -> 3 -> 1 -> 0 -> 2 -> 7,False,0.002319,0.051651
8v_21e,8,21,100,likelihood,1,0 -> 3 -> 7,False,0.113434,0.113434
8v_21e,8,21,100,likelihood,2,0 -> 1 -> 7,False,0.113281,0.226715
8v_21e,8,21,100,likelihood,3,0 -> 2 -> 7,False,0.113190,0.339905
8v_21e,8,21,100,likelihood,4,0 -> 4 -> 7,False,0.113235,0.453140
8v_21e,8,21,100,likelihood,5,0 -> 6 -> 1 -> 7,False,0.030594,0.483734
8v_21e,8,21,100,likelihood,6,0 -> 5 -> 2 -> 7,False,0.030762,0.514496
8v_21e,8,21,100,likelihood,7,0 -> 6 -> 3 -> 7,False,0.030777,0.545273
8v_21e,8,21,100,likelihood,8,0 -> 5 -> 4 -> 7,False,0.030792,0.576065
8v_21e,8,21,100,likelihood,9,0 -> 3 -> 7,False,0.113281,0.689346
8v_21e,8,21,100,likelihood,10,0 -> 4 -> 7,False,0.113358,0.802704
8v_21e,8,21,100,likelihood,11,0 -> 1 -> 7,False,0.113327,0.916031
8v_21e,8,21,100,likelihood,12,0 -> 2 -> 7,False,0.113159,1.029190
8v_21e,8,21,100,likelihood,13,0 -> 5 -> 3 -> 7,False,0.030731,1.059921
8v_21e,8,21,100,likelihood,14,0 -> 6 -> 2 -> 7,False,0.030792,1.090713
8v_21e,8,21,100,likelihood,15,0 -> 4 -> 7,False,0.113220,1.203933
8v_21e,8,21,100,likelihood,16,0 -> 5 -> 1 -> 7,False,0.030624,1.234558
8v_21e,8,21,100,likelihood,17,0 -> 3 -> 7,False,0.113083,1.347641
8v_21e,8,21,100,likelihood,18,0 -> 1 -> 7,False,0.113358,1.460999
8v_21e,8,21,100,likelihood,19,0 -> 5 -> 4 -> 7,False,0.030701,1.491699
8v_21e,8,21,100,likelihood,20,0 -> 6 -> 2 -> 7,False,0.030701,1.522400
8v_21e,8,21,100,random,1,0 -> 6 -> 3 -> 5 -> 1 -> 7,False,0.002716,0.002716
8v_21e,8,21,100,random,2,0 -> 5 -> 1 -> 2 -> 3 -> 7,False,0.002609,0.005325
8v_21e,8,21,100,random,3,0 -> 1 -> 5 -> 0 -> 4 -> 7,False,0.002502,0.007828
8v_21e,8,21,100,random,4,0 -> 4 -> 3 -> 6 -> 1 -> 7,False,0.002533,0.010361
8v_21e,8,21,100,random,5,0 -> 3 -> 4 -> 0 -> 2 -> 7,False,0.002548,0.012909
8v_21e,8,21,100,random,6,0 -> 2 -> 3 -> 1 -> 2 -> 7,False,0.002640,0.015549
8v_21e,8,21,100,random,7,0 -> 4 -> 3 -> 1 -> 2 -> 7,False,0.002594,0.018143
8v_21e,8,21,100,random,8,0 -> 5 -> 3 -> 4 -> 7,False,0.008850,0.026993
8v_21e,8,21,100,random,9,0 -> 5 -> 4 -> 3 -> 1 -> 7,False,0.002594,0.029587
8v_21e,8,21,100,random,10,0 -> 6 -> 1 -> 5 -> 4 -> 7,False,0.002716,0.032303
8v_21e,8,21,100,random,11,0 -> 1 -> 2 -> 7,False,0.030655,0.062958
8v_21e,8,21,100,random,12,0 -> 6 -> 2 -> 5 -> 4 -> 7,False,0.002686,0.065643
8v_21e,8,21,100,random,13,0 -> 3 -> 2 -> 0 -> 4 -> 7,False,0.002716,0.068359
8v_21e,8,21,100,random,14,0 -> 2 -> 3 -> 6 -> 2 -> 7,False,0.002563,0.070923
8v_21e,8,21,100,random,15,0 -> 6 -> 2 -> 1 -> 7,False,0.008820,0.079742
8v_21e,8,21,100,random,16,0 -> 3 -> 5 -> 1 -> 7,False,0.008820,0.088562
8v_21e,8,21,100,random,17,0 -> 2 -> 1 -> 6 -> 2 -> 7,False,0.002640,0.091202
8v_21e,8,21,100,random,18,0 -> 4 -> 3 -> 0 -> 1 -> 7,False,0.002609,0.093811
8v_21e,8,21,100,random,19,0 -> 1 -> 5 -> 0 -> 4 -> 7,False,0.002518,0.096329
8v_21e,8,21,100,random,20,0 -> 5 -> 3 -> 4 -> 7,False,0.008865,0.105194
9v_19e,9,19,0,entropy,1,0 -> 2 -> 4 -> 1 -> 7 -> 8,True,3.465770,3.465770
9v_19e,9,19,0,likelihood,1,0 -> 2 -> 8,True,1.386220,1.386220
9v_19e,9,19,0,random,1,0 -> 7 -> 6 -> 4 -> 7 -> 8,True,3.465760,3.465760
9v_19e,9,19,25,entropy,1,0 -> 2 -> 4 -> 1 -> 7 -> 8,False,0.002518,0.002518
9v_19e,9,19,25,entropy,2,0 -> 2 -> 4 -> 1 -> 7 -> 8,False,0.002762,0.005280
9v_19e,9,19,25,entropy,3,0 -> 2 -> 4 -> 1 -> 7 -> 8,False,0.002731,0.008011
9v_19e,9,19,25,entropy,4,0 -> 2 -> 4 -> 1 -> 7 -> 8,False,0.002594,0.010605
9v_19e,9,19,25,entropy,5,0 -> 2 -> 4 -> 1 -> 7 -> 8,False,0.002686,0.013290
9v_19e,9,19,25,entropy,6,0 -> 2 -> 4 -> 1 -> 7 -> 8,False,0.002594,0.015884
9v_19e,9,19,25,entropy,7,0 -> 2 -> 4 -> 1 -> 7 -> 8,False,0.002396,0.018280
9v_19e,9,19,25,entropy,8,0 -> 2 -> 4 -> 1 -> 7 -> 8,False,0.002716,0.020996
9v_19e,9,19,25,entropy,9,0 -> 2 -> 4 -> 1 -> 7 -> 8,False,0.002747,0.023743
9v_19e,9,19,25,entropy,10,0 -> 2 -> 4 -> 1 -> 7 -> 8,False,0.002777,0.026520
9v_19e,9,19,25,entropy,11,0 -> 2 -> 4 -> 1 -> 7 -> 8,False,0.002533,0.029053
9v_19e,9,19,25,entropy,12,0 -> 2 -> 4 -> 1 -> 7 -> 8,False,0.002457,0.031509
9v_19e,9,19,25,entropy,13,0 -> 2 -> 4 -> 1 -> 7 -> 8,False,0.002533,0.034042
9v_19e,9,19,25,entropy,14,0 -> 2 -> 4 -> 1 -> 7 -> 8,False,0.002548,0.036591
9v_19e,9,19,25,entropy,15,0 -> 2 -> 4 -> 1 -> 7 -> 8,False,0.002594,0.039185
9v_19e,9,19,25,entropy,16,0 -> 2 -> 4 -> 1 -> 7 -> 8,False,0.002670,0.041855
9v_19e,9,19,25,entropy,17,0 -> 2 -> 4 -> 1 -> 7 -> 8,False,0.002487,0.044342
9v_19e,9,19,25,entropy,18,0 -> 2 -> 4 -> 1 -> 7 -> 8,False,0.002472,0.046814
9v_19e,9,19,25,entropy,19,0 -> 2 -> 4 -> 1 -> 7 -> 8,False,0.002487,0.049301
9v_19e,9,19,25,entropy,20,0 -> 2 -> 4 -> 1 -> 7 -> 8,False,0.002747,0.052048
9v_19e,9,19,25,likelihood,1,0 -> 2 -> 8,True,1.386430,1.386430
9v_19e,9,19,25,random,1,0 -> 2 -> 4 -> 7 -> 1 -> 8,False,0.002472,0.002472
9v_19e,9,19,25,random,2,0 -> 7 -> 5 -> 1 -> 7 -> 8,False,0.002533,0.005005
9v_19e,9,19,25,random,3,0 -> 7 -> 6 -> 1 -> 7 -> 8,False,0.002609,0.007614
9v_19e,9,19,25,random,4,0 -> 7 -> 3 -> 5 -> 7 -> 8,False,0.002640,0.010254
9v_19e,9,19,25,random,5,0 -> 7 -> 6 -> 1 -> 7 -> 8,False,0.002487,0.012741
9v_19e,9,19,25,random,6,0 -> 7 -> 3 -> 1 -> 7 -> 8,False,0.002838,0.015579
9v_19e,9,19,25,random,7,0 -> 7 -> 4 -> 6 -> 7 -> 8,False,0.002487,0.018066
9v_19e,9,19,25,random,8,0 -> 7 -> 4 -> 5 -> 7 -> 8,False,0.002686,0.020752
9v_19e,9,19,25,random,9,0 -> 2 -> 4 -> 7 -> 1 -> 8,False,0.002625,0.023376
9v_19e,9,19,25,random,10,0 -> 7 -> 6 -> 4 -> 7 -> 8,False,0.002579,0.025955
9v_19e,9,19,25,random,11,0 -> 7 -> 1 -> 8,False,0.030838,0.056793
9v_19e,9,19,25,random,12,0 -> 7 -> 6 -> 4 -> 1 -> 8,False,0.002472,0.059265
9v_19e,9,19,25,random,13,0 -> 7 -> 8,False,0.113129,0.172394
9v_19e,9,19,25,random,14,0 -> 7 -> 6 -> 4 -> 8,False,0.008881,0.181275
9v_19e,9,19,25,random,15,0 -> 7 -> 8,False,0.113144,0.294419
9v_19e,9,19,25,random,16,0 -> 7 -> 1 -> 6 -> 7 -> 8,False,0.002716,0.297135
9v_19e,9,19,25,random,17,0 -> 7 -> 5 -> 1 -> 7 -> 8,False,0.002441,0.299576
9v_19e,9,19,25,random,18,0 -> 7 -> 5 -> 3 -> 7 -> 8,False,0.002609,0.302185
9v_19e,9,19,25,random,19,0 -> 7 -> 6 -> 1 -> 4 -> 8,False,0.002884,0.305069
9v_19e,9,19,25,random,20,0 -> 7 -> 3 -> 1 -> 8,False,0.009064,0.314133
9v_19e,9,19,50,entropy,1,0 -> 2 -> 4 -> 1 -> 7 -> 8,False,0.002502,0.002502
9v_19e,9,19,50,entropy,2,0 -> 2 -> 4 -> 1 -> 7 -> 8,False,0.002777,0.005280
9v_19e,9,19,50,entropy,3,0 -> 2 -> 4 -> 1 -> 7 -> 8,False,0.002655,0.007935
9v_19e,9,19,50,entropy,4,0 -> 2 -> 4 -> 1 -> 7 -> 8,False,0.002640,0.010574
9v_19e,9,19,50,entropy,5,0 -> 2 -> 4 -> 1 -> 7 -> 8,False,0.002594,0.013168
9v_19e,9,19,50,entropy,6,0 -> 2 -> 4 -> 1 -> 7 -> 8,False,0.002533,0.015701
9v_19e,9,19,50,entropy,7,0 -> 2 -> 4 -> 1 -> 7 -> 8,False,0.002670,0.018372
9v_19e,9,19,50,entropy,8,0 -> 2 -> 4 -> 1 -> 7 -> 8,False,0.002472,0.020843
9v_19e,9,19,50,entropy,9,0 -> 2 -> 4 -> 1 -> 7 -> 8,False,0.002579,0.023422
9v_19e,9,19,50,entropy,10,0 -> 2 -> 4 -> 1 -> 7 -> 8,False,0.002762,0.026184
9v_19e,9,19,50,entropy,11,0 -> 2 -> 4 -> 1 -> 7 -> 8,False,0.002716,0.028900
9v_19e,9,19,50,entropy,12,0 -> 2 -> 4 -> 1 -> 7 -> 8,False,0.002594,0.031494
9v_19e,9,19,50,entropy,13,0 -> 2 -> 4 -> 1 -> 7 -> 8,False,0.002518,0.034012
9v_19e,9,19,50,entropy,14,0 -> 2 -> 4 -> 1 -> 7 -> 8,False,0.002777,0.036789
9v_19e,9,19,50,entropy,15,0 -> 2 -> 4 -> 1 -> 7 -> 8,False,0.002533,0.039322
9v_19e,9,19,50,entropy,16,0 -> 2 -> 4 -> 1 -> 7 -> 8,False,0.002640,0.041962
9v_19e,9,19,50,entropy,17,0 -> 2 -> 4 -> 1 -> 7 -> 8,False,0.002380,0.044342
9v_19e,9,19,50,entropy,18,0 -> 2 -> 4 -> 1 -> 7 -> 8,False,0.002609,0.046951
9v_19e,9,19,50,entropy,19,0 -> 2 -> 4 -> 1 -> 7 -> 8,False,0.002518,0.049469
9v_19e,9,19,50,entropy,20,0 -> 2 -> 4 -> 1 -> 7 -> 8,False,0.002853,0.052322
9v_19e,9,19,50,likelihood,1,0 -> 2 -> 8,True,1.386310,1.386310
9v_19e,9,19,50,random,1,0 -> 7 -> 1 -> 3 -> 7 -> 8,False,0.002655,0.002655
9v_19e,9,19,50,random,2,0 -> 7 -> 1 -> 4 -> 7 -> 8,False,0.002655,0.005310
9v_19e,9,19,50,random,3,0 -> 7 -> 1 -> 5 -> 7 -> 8,False,0.002762,0.008072
9v_19e,9,19,50,random,4,0 -> 7 -> 5 -> 4 -> 8,False,0.008911,0.016983
9v_19e,9,19,50,random,5,0 -> 7 -> 3 -> 5 -> 1 -> 8,False,0.002518,0.019501
9v_19e,9,19,50,random,6,0 -> 7 -> 3 -> 1 -> 8,False,0.008835,0.028336
9v_19e,9,19,50,random,7,0 -> 2 -> 4 -> 7 -> 1 -> 8,False,0.002777,0.031113
9v_19e,9,19,50,random,8,0 -> 7 -> 5 -> 1 -> 7 -> 8,False,0.002686,0.033798
9v_19e,9,19,50,random,9,0 -> 7 -> 6 -> 4 -> 2 -> 8,False,0.002655,0.036453
9v_19e,9,19,50,random,10,0 -> 7 -> 1 -> 4 -> 2 -> 8,False,0.002518,0.038971
9v_19e,9,19,50,random,11,0 -> 2 -> 4 -> 5 -> 1 -> 8,False,0.002319,0.041290
9v_19e,9,19,50,random,12,0 -> 7 -> 6 -> 4 -> 8,False,0.008881,0.050171
9v_19e,9,19,50,random,13,0 -> 7 -> 4 -> 2 -> 8,False,0.008728,0.058899
9v_19e,9,19,50,random,14,0 -> 7 -> 4 -> 1 -> 8,False,0.008896,0.067795
9v_19e,9,19,50,random,15,0 -> 2 -> 4 -> 6 -> 1 -> 8,False,0.002518,0.070313
9v_19e,9,19,50,random,16,0 -> 7 -> 3 -> 5 -> 1 -> 8,False,0.002594,0.072907
9v_19e,9,19,50,random,17,0 -> 7 -> 4 -> 6 -> 7 -> 8,False,0.002701,0.075607
9v_19e,9,19,50,random,18,0 -> 7 -> 1 -> 4 -> 7 -> 8,False,0.002426,0.078033
9v_19e,9,19,50,random,19,0 -> 7 -> 4 -> 5 -> 7 -> 8,False,0.002701,0.080734
9v_19e,9,19,50,random,20,0 -> 7 -> 8,False,0.113235,0.193969
9v_19e,9,19,75,entropy,1,0 -> 2 -> 4 -> 1 -> 7 -> 8,False,0.002640,0.002640
9v_19e,9,19,75,entropy,2,0 -> 2 -> 4 -> 1 -> 7 -> 8,False,0.002655,0.005295
9v_19e,9,19,75,entropy,3,0 -> 2 -> 4 -> 1 -> 7 -> 8,False,0.002853,0.008148
9v_19e,9,19,75,entropy,4,0 -> 2 -> 4 -> 1 -> 7 -> 8,False,0.002747,0.010895
9v_19e,9,19,75,entropy,5,0 -> 2 -> 4 -> 1 -> 7 -> 8,False,0.002579,0.013474
9v_19e,9,19,75,entropy,6,0 -> 2 -> 4 -> 1 -> 7 -> 8,False,0.002533,0.016006
9v_19e,9,19,75,entropy,7,0 -> 2 -> 4 -> 1 -> 7 -> 8,False,0.002579,0.018585
9v_19e,9,19,75,entropy,8,0 -> 2 -> 4 -> 1 -> 7 -> 8,False,0.002426,0.021011
9v_19e,9,19,75,entropy,9,0 -> 2 -> 4 -> 1 -> 7 -> 8,False,0.002625,0.023636
9v_19e,9,19,75,entropy,10,0 -> 2 -> 4 -> 1 -> 7 -> 8,False,0.002502,0.026138
9v_19e,9,19,75,entropy,11,0 -> 2 -> 4 -> 1 -> 7 -> 8,False,0.002701,0.028839
9v_19e,9,19,75,entropy,12,0 -> 2 -> 4 -> 1 -> 7 -> 8,False,0.002457,0.031296
9v_19e,9,19,75,entropy,13,0 -> 2 -> 4 -> 1 -> 7 -> 8,False,0.002701,0.033997
9v_19e,9,19,75,entropy,14,0 -> 2 -> 4 -> 1 -> 7 -> 8,False,0.002502,0.036499
9v_19e,9,19,75,entropy,15,0 -> 2 -> 4 -> 1 -> 7 -> 8,False,0.002548,0.039047
9v_19e,9,19,75,entropy,16,0 -> 2 -> 4 -> 1 -> 7 -> 8,False,0.002838,0.041885
9v_19e,9,19,75,entropy,17,0 -> 2 -> 4 -> 1 -> 7 -> 8,False,0.002655,0.044540
9v_19e,9,19,75,entropy,18,0 -> 2 -> 4 -> 1 -> 7 -> 8,False,0.002411,0.046951
9v_19e,9,19,75,entropy,19,0 -> 2 -> 4 -> 1 -> 7 -> 8,False,0.002609,0.049561
9v_19e,9,19,75,entropy,20,0 -> 2 -> 4 -> 1 -> 7 -> 8,False,0.002533,0.052094
9v_19e,9,19,75,likelihood,1,0 -> 2 -> 8,True,1.386220,1.386220
9v_19e,9,19,75,random,1,0 -> 7 -> 5 -> 1 -> 7 -> 8,False,0.002716,0.002716
9v_19e,9,19,75,random,2,0 -> 7 -> 5 -> 1 -> 7 -> 8,False,0.002625,0.005341
9v_19e,9,19,75,random,3,0 -> 7 -> 6 -> 1 -> 7 -> 8,False,0.002853,0.008194
9v_19e,9,19,75,random,4,0 -> 7 -> 3 -> 5 -> 7 -> 8,False,0.002472,0.010666
9v_19e,9,19,75,random,5,0 -> 7 -> 6 -> 1 -> 7 -> 8,False,0.002625,0.013290
9v_19e,9,19,75,random,6,0 -> 7 -> 3 -> 1 -> 7 -> 8,False,0.002686,0.015976
9v_19e,9,19,75,random,7,0 -> 7 -> 4 -> 6 -> 7 -> 8,False,0.002609,0.018585
9v_19e,9,19,75,random,8,0 -> 7 -> 4 -> 5 -> 7 -> 8,False,0.002609,0.021194
9v_19e,9,19,75,random,9,0 -> 2 -> 4 -> 7 -> 1 -> 8,False,0.002548,0.023743
9v_19e,9,19,75,random,10,0 -> 7 -> 6 -> 4 -> 7 -> 8,False,0.002548,0.026291
9v_19e,9,19,75,random,11,0 -> 7 -> 1 -> 8,False,0.030899,0.057190
9v_19e,9,19,75,random,12,0 -> 7 -> 6 -> 4 -> 1 -> 8,False,0.002655,0.059845
9v_19e,9,19,75,random,13,0 -> 7 -> 8,False,0.113235,0.173080
9v_19e,9,19,75,random,14,0 -> 7 -> 6 -> 4 -> 8,False,0.008926,0.182006
9v_19e,9,19,75,random,15,0 -> 7 -> 8,False,0.113205,0.295211
9v_19e,9,19,75,random,16,0 -> 7 -> 1 -> 6 -> 7 -> 8,False,0.002625,0.297836
9v_19e,9,19,75,random,17,0 -> 7 -> 5 -> 1 -> 7 -> 8,False,0.002640,0.300476
9v_19e,9,19,75,random,18,0 -> 7 -> 5 -> 3 -> 7 -> 8,False,0.002502,0.302978
9v_19e,9,19,75,random,19,0 -> 7 -> 6 -> 1 -> 4 -> 8,False,0.002594,0.305572
9v_19e,9,19,75,random,20,0 -> 7 -> 3 -> 1 -> 8,False,0.008682,0.314254
9v_19e,9,19,100,entropy,1,0 -> 2 -> 4 -> 1 -> 7 -> 8,False,0.002762,0.002762
9v_19e,9,19,100,entropy,2,0 -> 2 -> 4 -> 1 -> 7 -> 8,False,0.002533,0.005295
9v_19e,9,19,100,entropy,3,0 -> 2 -> 4 -> 1 -> 7 -> 8,False,0.002411,0.007706
9v_19e,9,19,100,entropy,4,0 -> 2 -> 4 -> 1 -> 7 -> 8,False,0.002762,0.010468
9v_19e,9,19,100,entropy,5,0 -> 2 -> 4 -> 1 -> 7 -> 8,False,0.002640,0.013107
9v_19e,9,19,100,entropy,6,0 -> 2 -> 4 -> 1 -> 7 -> 8,False,0.002701,0.015808
9v_19e,9,19,100,entropy,7,0 -> 2 -> 4 -> 1 -> 7 -> 8,False,0.002731,0.018539
9v_19e,9,19,100,entropy,8,0 -> 2 -> 4 -> 1 -> 7 -> 8,False,0.002609,0.021149
9v_19e,9,19,100,entropy,9,0 -> 2 -> 4 -> 1 -> 7 -> 8,False,0.002502,0.023651
9v_19e,9,19,100,entropy,10,0 -> 2 -> 4 -> 1 -> 7 -> 8,False,0.002487,0.026138
9v_19e,9,19,100,entropy,11,0 -> 2 -> 4 -> 1 -> 7 -> 8,False,0.002777,0.028915
9v_19e,9,19,100,entropy,12,0 -> 2 -> 4 -> 1 -> 7 -> 8,False,0.002563,0.031479
9v_19e,9,19,100,entropy,13,0 -> 2 -> 4 -> 1 -> 7 -> 8,False,0.002457,0.033936
9v_19e,9,19,100,entropy,14,0 -> 2 -> 4 -> 1 -> 7 -> 8,False,0.002686,0.036621
9v_19e,9,19,100,entropy,15,0 -> 2 -> 4 -> 1 -> 7 -> 8,False,0.002777,0.039398
9v_19e,9,19,100,entropy,16,0 -> 2 -> 4 -> 1 -> 7 -> 8,False,0.002823,0.042221
9v_19e,9,19,100,entropy,17,0 -> 2 -> 4 -> 1 -> 7 -> 8,False,0.002792,0.045013
9v_19e,9,19,100,entropy,18,0 -> 2 -> 4 -> 1 -> 7 -> 8,False,0.002686,0.047699
9v_19e,9,19,100,entropy,19,0 -> 2 -> 4 -> 1 -> 7 -> 8,False,0.002747,0.050446
9v_19e,9,19,100,entropy,20,0 -> 2 -> 4 -> 1 -> 7 -> 8,False,0.002533,0.052979
9v_19e,9,19,100,likelihood,1,0 -> 2 -> 8,True,1.386320,1.386320
9v_19e,9,19,100,random,1,0 -> 7 -> 6 -> 4 -> 7 -> 8,False,0.002686,0.002686
9v_19e,9,19,100,random,2,0 -> 7 -> 1 -> 4 -> 7 -> 8,False,0.002777,0.005463
9v_19e,9,19,100,random,3,0 -> 7 -> 1 -> 5 -> 7 -> 8,False,0.002640,0.008102
9v_19e,9,19,100,random,4,0 -> 7 -> 5 -> 4 -> 8,False,0.008728,0.016830
9v_19e,9,19,100,random,5,0 -> 7 -> 3 -> 5 -> 1 -> 8,False,0.002487,0.019318
9v_19e,9,19,100,random,6,0 -> 7 -> 3 -> 1 -> 8,False,0.008835,0.028152
9v_19e,9,19,100,random,7,0 -> 2 -> 4 -> 7 -> 1 -> 8,False,0.002563,0.030716
9v_19e,9,19,100,random,8,0 -> 7 -> 5 -> 1 -> 7 -> 8,False,0.002533,0.033249
9v_19e,9,19,100,random,9,0 -> 7 -> 6 -> 4 -> 2 -> 8,False,0.002609,0.035858
9v_19e,9,19,100,random,10,0 -> 7 -> 1 -> 4 -> 2 -> 8,False,0.002686,0.038544
9v_19e,9,19,100,random,11,0 -> 2 -> 4 -> 5 -> 1 -> 8,False,0.002380,0.040924
9v_19e,9,19,100,random,12,0 -> 7 -> 6 -> 4 -> 8,False,0.008972,0.049896
9v_19e,9,19,100,random,13,0 -> 7 -> 4 -> 2 -> 8,False,0.009048,0.058945
9v_19e,9,19,100,random,14,0 -> 7 -> 4 -> 1 -> 8,False,0.008987,0.067932
9v_19e,9,19,100,random,15,0 -> 2 -> 4 -> 6 -> 1 -> 8,False,0.002609,0.070541
9v_19e,9,19,100,random,16,0 -> 7 -> 3 -> 5 -> 1 -> 8,False,0.002747,0.073288
9v_19e,9,19,100,random,17,0 -> 7 -> 4 -> 6 -> 7 -> 8,False,0.002655,0.075943
9v_19e,9,19,100,random,18,0 -> 7 -> 1 -> 4 -> 7 -> 8,False,0.002670,0.078613
9v_19e,9,19,100,random,19,0 -> 7 -> 4 -> 5 -> 7 -> 8,False,0.002686,0.081299
9v_19e,9,19,100,random,20,0 -> 7 -> 8,False,0.113449,0.194748
10v_25e,10,25,0,entropy,1,0 -> 5 -> 1 -> 2 -> 5 -> 9,True,3.465670,3.465670
10v_25e,10,25,0,likelihood,1,0 -> 5 -> 9,True,1.386370,1.386370
10v_25e,10,25,0,random,1,0 -> 8 -> 7 -> 2 -> 9,True,2.772340,2.772340
10v_25e,10,25,25,entropy,1,0 -> 5 -> 1 -> 2 -> 5 -> 9,False,0.002640,0.002640
10v_25e,10,25,25,entropy,2,0 -> 5 -> 1 -> 2 -> 5 -> 9,False,0.002335,0.004974
10v_25e,10,25,25,entropy,3,0 -> 5 -> 1 -> 2 -> 5 -> 9,False,0.002594,0.007568
10v_25e,10,25,25,entropy,4,0 -> 5 -> 1 -> 2 -> 5 -> 9,False,0.002747,0.010315
10v_25e,10,25,25,entropy,5,0 -> 5 -> 1 -> 2 -> 5 -> 9,False,0.002609,0.012924
10v_25e,10,25,25,entropy,6,0 -> 5 -> 1 -> 2 -> 5 -> 9,False,0.002792,0.015717
10v_25e,10,25,25,entropy,7,0 -> 5 -> 1 -> 2 -> 5 -> 9,False,0.002502,0.018219
10v_25e,10,25,25,entropy,8,0 -> 5 -> 1 -> 2 -> 5 -> 9,False,0.002487,0.020706
10v_25e,10,25,25,entropy,9,0 -> 5 -> 1 -> 2 -> 5 -> 9,False,0.002533,0.023239
10v_25e,10,25,25,entropy,10,0 -> 5 -> 1 -> 2 -> 5 -> 9,False,0.002518,0.025757
10v_25e,10,25,25,entropy,11,0 -> 5 -> 1 -> 2 -> 5 -> 9,False,0.002945,0.028702
10v_25e,10,25,25,entropy,12,0 -> 5 -> 1 -> 2 -> 5 -> 9,False,0.002625,0.031326
10v_25e,10,25,25,entropy,13,0 -> 5 -> 1 -> 2 -> 5 -> 9,False,0.002457,0.033783
10v_25e,10,25,25,entropy,14,0 -> 5 -> 1 -> 2 -> 5 -> 9,False,0.002670,0.036453
10v_25e,10,25,25,entropy,15,0 -> 5 -> 1 -> 2 -> 5 -> 9,False,0.002792,0.039246
10v_25e,10,25,25,entropy,16,0 -> 5 -> 1 -> 2 -> 5 -> 9,False,0.002747,0.041992
10v_25e,10,25,25,entropy,17,0 -> 5 -> 1 -> 2 -> 5 -> 9,False,0.002716,0.044708
10v_25e,10,25,25,entropy,18,0 -> 5 -> 1 -> 2 -> 5 -> 9,False,0.002487,0.047195
10v_25e,10,25,25,entropy,19,0 -> 5 -> 1 -> 2 -> 5 -> 9,False,0.002579,0.049774
10v_25e,10,25,25,entropy,20,0 -> 5 -> 1 -> 2 -> 5 -> 9,False,0.002762,0.052536
10v_25e,10,25,25,likelihood,1,0 -> 5 -> 9,True,1.386370,1.386370
10v_25e,10,25,25,random,1,0 -> 5 -> 9,True,1.386230,1.386230
10v_25e,10,25,50,entropy,1,0 -> 5 -> 1 -> 2 -> 5 -> 9,False,0.002731,0.002731
10v_25e,10,25,50,entropy,2,0 -> 5 -> 1 -> 2 -> 5 -> 9,False,0.002563,0.005295
10v_25e,10,25,50,entropy,3,0 -> 5 -> 1 -> 2 -> 5 -> 9,False,0.002304,0.007599
10v_25e,10,25,50,entropy,4,0 -> 5 -> 1 -> 2 -> 5 -> 9,False,0.002426,0.010025
10v_25e,10,25,50,entropy,5,0 -> 5 -> 1 -> 2 -> 5 -> 9,False,0.002518,0.012543
10v_25e,10,25,50,entropy,6,0 -> 5 -> 1 -> 2 -> 5 -> 9,False,0.002548,0.015091
10v_25e,10,25,50,entropy,7,0 -> 5 -> 1 -> 2 -> 5 -> 9,False,0.002579,0.017670
10v_25e,10,25,50,entropy,8,0 -> 5 -> 1 -> 2 -> 5 -> 9,False,0.002609,0.020279
10v_25e,10,25,50,entropy,9,0 -> 5 -> 1 -> 2 -> 5 -> 9,False,0.002579,0.022858
10v_25e,10,25,50,entropy,10,0 -> 5 -> 1 -> 2 -> 5 -> 9,False,0.002579,0.025436
10v_25e,10,25,50,entropy,11,0 -> 5 -> 1 -> 2 -> 5 -> 9,False,0.002640,0.028076
10v_25e,10,25,50,entropy,12,0 -> 5 -> 1 -> 2 -> 5 -> 9,False,0.002747,0.030823
10v_25e,10,25,50,entropy,13,0 -> 5 -> 1 -> 2 -> 5 -> 9,False,0.002655,0.033478
10v_25e,10,25,50,entropy,14,0 -> 5 -> 1 -> 2 -> 5 -> 9,False,0.002686,0.036163
10v_25e,10,25,50,entropy,15,0 -> 5 -> 1 -> 2 -> 5 -> 9,False,0.002701,0.038864
10v_25e,10,25,50,entropy,16,0 -> 5 -> 1 -> 2 -> 5 -> 9,False,0.002533,0.041397
10v_25e,10,25,50,entropy,17,0 -> 5 -> 1 -> 2 -> 5 -> 9,False,0.002533,0.043930
10v_25e,10,25,50,entropy,18,0 -> 5 -> 1 -> 2 -> 5 -> 9,False,0.002747,0.046677
10v_25e,10,25,50,entropy,19,0 -> 5 -> 1 -> 2 -> 5 -> 9,False,0.002655,0.049332
10v_25e,10,25,50,entropy,20,0 -> 5 -> 1 -> 2 -> 5 -> 9,False,0.002640,0.051971
10v_25e,10,25,50,likelihood,1,0 -> 5 -> 9,True,1.386380,1.386380
10v_25e,10,25,50,random,1,0 -> 7 -> 8 -> 4 -> 3 -> 9,False,0.002640,0.002640
10v_25e,10,25,50,random,2,0 -> 8 -> 4 -> 1 -> 5 -> 9,False,0.002640,0.005280
10v_25e,10,25,50,random,3,0 -> 5 -> 4 -> 3 -> 1 -> 9,False,0.002960,0.008240
10v_25e,10,25,50,random,4,0 -> 5 -> 1 -> 4 -> 2 -> 9,False,0.002869,0.011108
10v_25e,10,25,50,random,5,0 -> 8 -> 3 -> 4 -> 2 -> 9,False,0.002655,0.013763
10v_25e,10,25,50,random,6,0 -> 5 -> 2 -> 4 -> 3 -> 9,False,0.002716,0.016479
10v_25e,10,25,50,random,7,0 -> 5 -> 2 -> 7 -> 9,False,0.008835,0.025314
10v_25e,10,25,50,random,8,0 -> 5 -> 2 -> 3 -> 4 -> 9,False,0.002441,0.027756
10v_25e,10,25,50,random,9,0 -> 7 -> 8 -> 1 -> 2 -> 9,False,0.002701,0.030457
10v_25e,10,25,50,random,10,0 -> 8 -> 1 -> 2 -> 4 -> 9,True,3.465880,3.496337
10v_25e,10,25,75,entropy,1,0 -> 5 -> 1 -> 2 -> 5 -> 9,False,0.002579,0.002579
10v_25e,10,25,75,entropy,2,0 -> 5 -> 1 -> 2 -> 5 -> 9,False,0.002670,0.005249
10v_25e,10,25,75,entropy,3,0 -> 5 -> 1 -> 2 -> 5 -> 9,False,0.002640,0.007889
10v_25e,10,25,75,entropy,4,0 -> 5 -> 1 -> 2 -> 5 -> 9,False,0.002625,0.010513
10v_25e,10,25,75,entropy,5,0 -> 5 -> 1 -> 2 -> 5 -> 9,False,0.002533,0.013046
10v_25e,10,25,75,entropy,6,0 -> 5 -> 1 -> 2 -> 5 -> 9,False,0.002548,0.015594
10v_25e,10,25,75,entropy,7,0 -> 5 -> 1 -> 2 -> 5 -> 9,False,0.002380,0.017975
10v_25e,10,25,75,entropy,8,0 -> 5 -> 1 -> 2 -> 5 -> 9,False,0.002716,0.020691
10v_25e,10,25,75,entropy,9,0 -> 5 -> 1 -> 2 -> 5 -> 9,False,0.002579,0.023270
10v_25e,10,25,75,entropy,10,0 -> 5 -> 1 -> 2 -> 5 -> 9,False,0.002762,0.026031
10v_25e,10,25,75,entropy,11,0 -> 5 -> 1 -> 2 -> 5 -> 9,False,0.002518,0.028549
10v_25e,10,25,75,entropy,12,0 -> 5 -> 1 -> 2 -> 5 -> 9,False,0.002701,0.031250
10v_25e,10,25,75,entropy,13,0 -> 5 -> 1 -> 2 -> 5 -> 9,False,0.002625,0.033875
10v_25e,10,25,75,entropy,14,0 -> 5 -> 1 -> 2 -> 5 -> 9,False,0.002625,0.036499
10v_25e,10,25,75,entropy,15,0 -> 5 -> 1 -> 2 -> 5 -> 9,False,0.002701,0.039200
10v_25e,10,25,75,entropy,16,0 -> 5 -> 1 -> 2 -> 5 -> 9,False,0.002411,0.041611
10v_25e,10,25,75,entropy,17,0 -> 5 -> 1 -> 2 -> 5 -> 9,False,0.002625,0.044235
10v_25e,10,25,75,entropy,18,0 -> 5 -> 1 -> 2 -> 5 -> 9,False,0.002411,0.046646
10v_25e,10,25,75,entropy,19,0 -> 5 -> 1 -> 2 -> 5 -> 9,False,0.002472,0.049118
10v_25e,10,25,75,entropy,20,0 -> 5 -> 1 -> 2 -> 5 -> 9,False,0.002792,0.051910
10v_25e,10,25,75,likelihood,1,0 -> 5 -> 9,True,1.386280,1.386280
10v_25e,10,25,75,random,1,0 -> 5 -> 9,True,1.386250,1.386250
10v_25e,10,25,100,entropy,1,0 -> 5 -> 1 -> 2 -> 5 -> 9,False,0.002594,0.002594
10v_25e,10,25,100,entropy,2,0 -> 5 -> 1 -> 2 -> 5 -> 9,False,0.002426,0.005020
10v_25e,10,25,100,entropy,3,0 -> 5 -> 1 -> 2 -> 5 -> 9,False,0.002563,0.007584
10v_25e,10,25,100,entropy,4,0 -> 5 -> 1 -> 2 -> 5 -> 9,False,0.002808,0.010391
10v_25e,10,25,100,entropy,5,0 -> 5 -> 1 -> 2 -> 5 -> 9,False,0.002670,0.013062
10v_25e,10,25,100,entropy,6,0 -> 5 -> 1 -> 2 -> 5 -> 9,False,0.002258,0.015320
10v_25e,10,25,100,entropy,7,0 -> 5 -> 1 -> 2 -> 5 -> 9,False,0.002579,0.017899
10v_25e,10,25,100,entropy,8,0 -> 5 -> 1 -> 2 -> 5 -> 9,False,0.002472,0.020370
10v_25e,10,25,100,entropy,9,0 -> 5 -> 1 -> 2 -> 5 -> 9,False,0.002502,0.022873
10v_25e,10,25,100,entropy,10,0 -> 5 -> 1 -> 2 -> 5 -> 9,False,0.002365,0.025238
10v_25e,10,25,100,entropy,11,0 -> 5 -> 1 -> 2 -> 5 -> 9,False,0.002625,0.027863
10v_25e,10,25,100,entropy,12,0 -> 5 -> 1 -> 2 -> 5 -> 9,False,0.002625,0.030487
10v_25e,10,25,100,entropy,13,0 -> 5 -> 1 -> 2 -> 5 -> 9,False,0.002655,0.033142
10v_25e,10,25,100,entropy,14,0 -> 5 -> 1 -> 2 -> 5 -> 9,False,0.002502,0.035645
10v_25e,10,25,100,entropy,15,0 -> 5 -> 1 -> 2 -> 5 -> 9,False,0.002457,0.038101
10v_25e,10,25,100,entropy,16,0 -> 5 -> 1 -> 2 -> 5 -> 9,False,0.002655,0.040756
10v_25e,10,25,100,entropy,17,0 -> 5 -> 1 -> 2 -> 5 -> 9,False,0.002655,0.043411
10v_25e,10,25,100,entropy,18,0 -> 5 -> 1 -> 2 -> 5 -> 9,False,0.002792,0.046204
10v_25e,10,25,100,entropy,19,0 -> 5 -> 1 -> 2 -> 5 -> 9,False,0.002670,0.048874
10v_25e,10,25,100,entropy,20,0 -> 5 -> 1 -> 2 -> 5 -> 9,False,0.002487,0.051361
10v_25e,10,25,100,likelihood,1,0 -> 5 -> 9,False,0.113327,0.113327
10v_25e,10,25,100,likelihood,2,0 -> 7 -> 9,False,0.113159,0.226486
10v_25e,10,25,100,likelihood,3,0 -> 8 -> 1 -> 9,False,0.030823,0.257309
10v_25e,10,25,100,likelihood,4,0 -> 8 -> 3 -> 9,False,0.030884,0.288193
10v_25e,10,25,100,likelihood,5,0 -> 5 -> 2 -> 9,False,0.030655,0.318848
10v_25e,10,25,100,likelihood,6,0 -> 8 -> 4 -> 9,False,0.030731,0.349579
10v_25e,10,25,100,likelihood,7,0 -> 7 -> 2 -> 9,False,0.030975,0.380554
10v_25e,10,25,100,likelihood,8,0 -> 7 -> 9,False,0.113358,0.493912
10v_25e,10,25,100,likelihood,9,0 -> 5 -> 4 -> 9,False,0.030823,0.524735
10v_25e,10,25,100,likelihood,10,0 -> 8 -> 6 -> 9,False,0.030746,0.555481
10v_25e,10,25,100,likelihood,11,0 -> 5 -> 9,False,0.113113,0.668594
10v_25e,10,25,100,likelihood,12,0 -> 7 -> 2 -> 9,False,0.030579,0.699173
10v_25e,10,25,100,likelihood,13,0 -> 8 -> 6 -> 9,False,0.030685,0.729858
10v_25e,10,25,100,likelihood,14,0 -> 7 -> 9,False,0.113220,0.843078
10v_25e,10,25,100,likelihood,15,0 -> 5 -> 4 -> 9,False,0.030609,0.873687
10v_25e,10,25,100,likelihood,16,0 -> 8 -> 6 -> 9,False,0.030701,0.904388
10v_25e,10,25,100,likelihood,17,0 -> 7 -> 2 -> 9,False,0.030823,0.935211
10v_25e,10,25,100,likelihood,18,0 -> 5 -> 1 -> 9,False,0.030701,0.965912
10v_25e,10,25,100,likelihood,19,0 -> 7 -> 9,False,0.113281,1.079193
10v_25e,10,25,100,likelihood,20,0 -> 8 -> 6 -> 9,False,0.030579,1.109771
10v_25e,10,25,100,random,1,0 -> 8 -> 7 -> 2 -> 9,False,0.008850,0.008850
10v_25e,10,25,100,random,2,0 -> 8 -> 6 -> 9,False,0.030594,0.039444
10v_25e,10,25,100,random,3,0 -> 8 -> 6 -> 9,False,0.030624,0.070068
10v_25e,10,25,100,random,4,0 -> 8 -> 3 -> 1 -> 2 -> 9,False,0.002716,0.072784
10v_25e,10,25,100,random,5,0 -> 5 -> 2 -> 4 -> 3 -> 9,False,0.002548,0.075333
10v_25e,10,25,100,random,6,0 -> 7 -> 8 -> 4 -> 1 -> 9,False,0.002609,0.077942
10v_25e,10,25,100,random,7,0 -> 8 -> 1 -> 3 -> 2 -> 9,True,3.465870,3.543812
